timeStamp,Time,elapsed,responseCode,threadName,grpThreads,allThreads,Latency,IdleTime,Connect
1.5834E+12,05/03/2020 10:24:08.206,1351,200,Thread Group 1-2,6,6,1333,0,4
1.5834E+12,05/03/2020 10:24:08.840,1111,200,Thread Group 1-5,8,8,1111,0,2
1.5834E+12,05/03/2020 10:24:08.920,2223,200,Thread Group 1-1,9,9,2223,0,41
1.5834E+12,05/03/2020 10:24:08.986,778,200,Thread Group 1-2,9,9,778,0,0
1.5834E+12,05/03/2020 10:24:08.990,1860,200,Thread Group 1-3,9,9,1860,0,2
1.5834E+12,05/03/2020 10:24:08.993,981,200,Thread Group 1-6,9,9,981,0,2
1.5834E+12,05/03/2020 10:24:09.028,1605,200,Thread Group 1-4,9,9,1605,0,3
1.5834E+12,05/03/2020 10:24:10.193,1281,200,Thread Group 1-9,10,10,1281,0,1
1.5834E+12,05/03/2020 10:24:10.269,1428,200,Thread Group 1-5,10,10,1428,0,0
1.5834E+12,05/03/2020 10:24:10.322,1336,200,Thread Group 1-2,10,10,1336,0,7
1.5834E+12,05/03/2020 10:24:10.325,1332,200,Thread Group 1-6,10,10,1332,0,0
1.5834E+12,05/03/2020 10:24:10.328,1337,200,Thread Group 1-3,10,10,1337,0,0
1.5834E+12,05/03/2020 10:24:10.335,2024,200,Thread Group 1-7,10,10,2023,0,2
1.5834E+12,05/03/2020 10:24:10.445,1417,200,Thread Group 1-4,10,10,1417,0,0
1.5834E+12,05/03/2020 10:24:10.741,413,200,Thread Group 1-3,10,10,413,0,4
1.5834E+12,05/03/2020 10:24:10.746,424,200,Thread Group 1-2,10,10,424,0,0
1.5834E+12,05/03/2020 10:24:10.782,1862,200,Thread Group 1-1,10,10,1861,0,4
1.5834E+12,05/03/2020 10:24:10.982,656,200,Thread Group 1-6,10,10,656,0,4
1.5834E+12,05/03/2020 10:24:11.442,660,200,Thread Group 1-1,10,10,660,0,0
1.5834E+12,05/03/2020 10:24:11.503,761,200,Thread Group 1-3,10,10,761,0,0
1.5834E+12,05/03/2020 10:24:11.525,542,200,Thread Group 1-6,10,10,542,0,0
1.5834E+12,05/03/2020 10:24:11.634,131,200,Thread Group 1-3,10,10,130,0,0
1.5834E+12,05/03/2020 10:24:11.658,216,200,Thread Group 1-1,10,10,216,0,2
1.5834E+12,05/03/2020 10:24:11.735,210,200,Thread Group 1-6,10,10,210,0,0
1.5834E+12,05/03/2020 10:24:11.736,988,200,Thread Group 1-2,10,10,988,0,0
1.5834E+12,05/03/2020 10:24:11.945,310,200,Thread Group 1-3,10,10,310,0,0
1.5834E+12,05/03/2020 10:24:12.143,1697,200,Thread Group 1-4,10,10,1697,0,19
1.5834E+12,05/03/2020 10:24:12.231,3018,200,Thread Group 1-10,10,10,3018,0,2
1.5834E+12,05/03/2020 10:24:12.248,103,200,Thread Group 1-4,10,10,103,0,0
1.5834E+12,05/03/2020 10:24:12.349,100,200,Thread Group 1-4,10,10,100,0,0
1.5834E+12,05/03/2020 10:24:12.357,697,200,Thread Group 1-1,10,10,697,0,0
1.5834E+12,05/03/2020 10:24:12.417,184,200,Thread Group 1-10,10,10,184,0,4
1.5834E+12,05/03/2020 10:24:12.472,114,200,Thread Group 1-1,10,10,114,0,0
1.5834E+12,05/03/2020 10:24:12.491,753,200,Thread Group 1-2,10,10,752,0,3
1.5834E+12,05/03/2020 10:24:12.491,142,200,Thread Group 1-4,10,10,142,0,0
1.5834E+12,05/03/2020 10:24:12.567,94,200,Thread Group 1-1,10,10,94,0,0
1.5834E+12,05/03/2020 10:24:12.571,151,200,Thread Group 1-10,10,10,151,0,0
1.5834E+12,05/03/2020 10:24:12.575,630,200,Thread Group 1-3,10,10,630,0,0
1.5834E+12,05/03/2020 10:24:12.617,880,200,Thread Group 1-6,10,10,880,0,0
1.5834E+12,05/03/2020 10:24:12.640,148,200,Thread Group 1-4,10,10,148,0,3
1.5834E+12,05/03/2020 10:24:12.649,155,200,Thread Group 1-2,10,10,155,0,0
1.5834E+12,05/03/2020 10:24:12.732,164,200,Thread Group 1-1,10,10,164,0,0
1.5834E+12,05/03/2020 10:24:12.741,101,200,Thread Group 1-4,10,10,101,0,0
1.5834E+12,05/03/2020 10:24:12.857,207,200,Thread Group 1-2,10,10,207,0,0
1.5834E+12,05/03/2020 10:24:12.868,136,200,Thread Group 1-1,10,10,136,0,0
1.5834E+12,05/03/2020 10:24:12.884,143,200,Thread Group 1-4,10,10,143,0,0
1.5834E+12,05/03/2020 10:24:12.885,310,200,Thread Group 1-10,10,10,310,0,0
1.5834E+12,05/03/2020 10:24:12.994,126,200,Thread Group 1-1,10,10,126,0,0
1.5834E+12,05/03/2020 10:24:13.011,394,200,Thread Group 1-6,10,10,394,0,6
1.5834E+12,05/03/2020 10:24:13.023,2753,200,Thread Group 1-5,10,10,2753,0,2
1.5834E+12,05/03/2020 10:24:13.025,140,200,Thread Group 1-10,10,10,140,0,0
1.5834E+12,05/03/2020 10:24:13.074,216,200,Thread Group 1-2,10,10,216,0,0
1.5834E+12,05/03/2020 10:24:13.090,95,200,Thread Group 1-1,10,10,95,0,0
1.5834E+12,05/03/2020 10:24:13.093,209,200,Thread Group 1-4,10,10,209,0,0
1.5834E+12,05/03/2020 10:24:13.146,72,200,Thread Group 1-2,10,10,72,0,0
1.5834E+12,05/03/2020 10:24:13.153,141,200,Thread Group 1-6,10,10,141,0,0
1.5834E+12,05/03/2020 10:24:13.182,92,200,Thread Group 1-1,10,10,92,0,0
1.5834E+12,05/03/2020 10:24:13.201,176,200,Thread Group 1-5,10,10,176,0,3
1.5834E+12,05/03/2020 10:24:13.242,96,200,Thread Group 1-2,10,10,96,0,0
1.5834E+12,05/03/2020 10:24:13.270,116,200,Thread Group 1-6,10,10,116,0,0
1.5834E+12,05/03/2020 10:24:13.278,95,200,Thread Group 1-1,10,10,95,0,0
1.5834E+12,05/03/2020 10:24:13.312,111,200,Thread Group 1-5,10,10,111,0,0
1.5834E+12,05/03/2020 10:24:13.363,788,200,Thread Group 1-3,10,10,788,0,4
1.5834E+12,05/03/2020 10:24:13.386,142,200,Thread Group 1-2,10,10,142,0,0
1.5834E+12,05/03/2020 10:24:13.387,75,200,Thread Group 1-5,10,10,75,0,0
1.5834E+12,05/03/2020 10:24:13.397,119,200,Thread Group 1-1,10,10,119,0,0
1.5834E+12,05/03/2020 10:24:13.397,126,200,Thread Group 1-6,10,10,126,0,0
1.5834E+12,05/03/2020 10:24:13.496,133,200,Thread Group 1-3,10,10,133,0,0
1.5834E+12,05/03/2020 10:24:13.510,113,200,Thread Group 1-1,10,10,113,0,0
1.5834E+12,05/03/2020 10:24:13.518,131,200,Thread Group 1-5,10,10,131,0,0
1.5834E+12,05/03/2020 10:24:13.574,549,200,Thread Group 1-10,10,10,549,0,0
1.5834E+12,05/03/2020 10:24:13.642,146,200,Thread Group 1-3,10,10,146,0,0
1.5834E+12,05/03/2020 10:24:13.650,263,200,Thread Group 1-2,10,10,263,0,0
1.5834E+12,05/03/2020 10:24:13.660,85,200,Thread Group 1-10,10,10,85,0,0
1.5834E+12,05/03/2020 10:24:13.712,201,200,Thread Group 1-1,10,10,201,0,2
1.5834E+12,05/03/2020 10:24:13.725,631,200,Thread Group 1-4,10,10,631,0,0
1.5834E+12,05/03/2020 10:24:13.726,208,200,Thread Group 1-5,10,10,208,0,0
1.5834E+12,05/03/2020 10:24:13.736,93,200,Thread Group 1-3,10,10,93,0,0
1.5834E+12,05/03/2020 10:24:13.790,392,200,Thread Group 1-6,10,10,392,0,0
1.5834E+12,05/03/2020 10:24:13.793,143,200,Thread Group 1-2,10,10,143,0,0
1.5834E+12,05/03/2020 10:24:13.825,89,200,Thread Group 1-3,10,10,89,0,0
1.5834E+12,05/03/2020 10:24:13.832,106,200,Thread Group 1-4,10,10,106,0,0
1.5834E+12,05/03/2020 10:24:13.843,131,200,Thread Group 1-1,10,10,131,0,0
1.5834E+12,05/03/2020 10:24:13.859,198,200,Thread Group 1-10,10,10,198,0,0
1.5834E+12,05/03/2020 10:24:13.885,94,200,Thread Group 1-6,10,10,94,0,0
1.5834E+12,05/03/2020 10:24:13.941,212,200,Thread Group 1-5,10,10,212,0,0
1.5834E+12,05/03/2020 10:24:13.971,145,200,Thread Group 1-3,10,10,145,0,0
1.5834E+12,05/03/2020 10:24:13.972,178,200,Thread Group 1-2,10,10,178,0,3
1.5834E+12,05/03/2020 10:24:13.976,142,200,Thread Group 1-4,10,10,142,0,0
1.5834E+12,05/03/2020 10:24:13.978,134,200,Thread Group 1-1,10,10,134,0,0
1.5834E+12,05/03/2020 10:24:13.991,132,200,Thread Group 1-10,10,10,132,0,0
1.5834E+12,05/03/2020 10:24:14.030,89,200,Thread Group 1-5,10,10,89,0,0
1.5834E+12,05/03/2020 10:24:14.057,85,200,Thread Group 1-2,10,10,85,0,0
1.5834E+12,05/03/2020 10:24:14.061,82,200,Thread Group 1-1,10,10,82,0,0
1.5834E+12,05/03/2020 10:24:14.082,91,200,Thread Group 1-10,10,10,91,0,0
1.5834E+12,05/03/2020 10:24:14.091,206,200,Thread Group 1-6,10,10,206,0,0
1.5834E+12,05/03/2020 10:24:14.100,129,200,Thread Group 1-3,10,10,129,0,0
1.5834E+12,05/03/2020 10:24:14.122,92,200,Thread Group 1-5,10,10,92,0,0
1.5834E+12,05/03/2020 10:24:14.144,87,200,Thread Group 1-2,10,10,87,0,0
1.5834E+12,05/03/2020 10:24:14.148,87,200,Thread Group 1-1,10,10,87,0,0
1.5834E+12,05/03/2020 10:24:14.164,187,200,Thread Group 1-4,10,10,187,0,0
1.5834E+12,05/03/2020 10:24:14.196,105,200,Thread Group 1-6,10,10,105,0,0
1.5834E+12,05/03/2020 10:24:14.198,76,200,Thread Group 1-5,10,10,76,0,0
1.5834E+12,05/03/2020 10:24:14.202,101,200,Thread Group 1-3,10,10,101,0,0
1.5834E+12,05/03/2020 10:24:14.216,134,200,Thread Group 1-10,10,10,133,0,0
1.5834E+12,05/03/2020 10:24:14.235,91,200,Thread Group 1-2,10,10,91,0,0
1.5834E+12,05/03/2020 10:24:14.242,94,200,Thread Group 1-1,10,10,94,0,0
1.5834E+12,05/03/2020 10:24:14.285,87,200,Thread Group 1-5,10,10,87,0,0
1.5834E+12,05/03/2020 10:24:14.292,96,200,Thread Group 1-6,10,10,96,0,0
1.5834E+12,05/03/2020 10:24:14.341,106,200,Thread Group 1-2,10,10,106,0,0
1.5834E+12,05/03/2020 10:24:14.352,136,200,Thread Group 1-10,10,10,136,0,0
1.5834E+12,05/03/2020 10:24:14.352,109,200,Thread Group 1-1,10,10,109,0,0
1.5834E+12,05/03/2020 10:24:14.379,94,200,Thread Group 1-5,10,10,94,0,0
1.5834E+12,05/03/2020 10:24:14.395,102,200,Thread Group 1-6,10,10,102,0,0
1.5834E+12,05/03/2020 10:24:14.426,84,200,Thread Group 1-2,10,10,84,0,0
1.5834E+12,05/03/2020 10:24:14.437,84,200,Thread Group 1-1,10,10,83,0,0
1.5834E+12,05/03/2020 10:24:14.469,90,200,Thread Group 1-5,10,10,90,0,0
1.5834E+12,05/03/2020 10:24:14.511,116,200,Thread Group 1-6,10,10,116,0,0
1.5834E+12,05/03/2020 10:24:14.523,96,200,Thread Group 1-2,10,10,96,0,0
1.5834E+12,05/03/2020 10:24:14.564,95,200,Thread Group 1-5,10,10,95,0,0
1.5834E+12,05/03/2020 10:24:14.567,215,200,Thread Group 1-10,10,10,215,0,2
1.5834E+12,05/03/2020 10:24:14.651,139,200,Thread Group 1-6,10,10,139,0,0
1.5834E+12,05/03/2020 10:24:14.653,216,200,Thread Group 1-1,10,10,216,0,0
1.5834E+12,05/03/2020 10:24:14.656,133,200,Thread Group 1-2,10,10,133,0,0
1.5834E+12,05/03/2020 10:24:14.672,108,200,Thread Group 1-5,10,10,108,0,0
1.5834E+12,05/03/2020 10:24:14.682,114,200,Thread Group 1-10,10,10,114,0,0
1.5834E+12,05/03/2020 10:24:14.721,65,200,Thread Group 1-2,10,10,65,0,0
1.5834E+12,05/03/2020 10:24:14.745,91,200,Thread Group 1-1,10,10,89,0,0
1.5834E+12,05/03/2020 10:24:14.772,90,200,Thread Group 1-10,10,10,90,0,0
1.5834E+12,05/03/2020 10:24:14.820,168,200,Thread Group 1-6,10,10,168,0,3
1.5834E+12,05/03/2020 10:24:14.827,106,200,Thread Group 1-2,10,10,106,0,0
1.5834E+12,05/03/2020 10:24:14.841,169,200,Thread Group 1-5,10,10,169,0,0
1.5834E+12,05/03/2020 10:24:14.844,97,200,Thread Group 1-1,10,10,96,0,0
1.5834E+12,05/03/2020 10:24:14.868,704,200,Thread Group 1-4,10,10,703,0,0
1.5834E+12,05/03/2020 10:24:14.868,96,200,Thread Group 1-10,10,10,96,0,0
1.5834E+12,05/03/2020 10:24:14.910,83,200,Thread Group 1-2,10,10,83,0,0
1.5834E+12,05/03/2020 10:24:14.912,92,200,Thread Group 1-6,10,10,92,0,0
1.5834E+12,05/03/2020 10:24:14.941,97,200,Thread Group 1-1,10,10,97,0,0
1.5834E+12,05/03/2020 10:24:14.956,753,200,Thread Group 1-3,10,10,753,0,0
1.5834E+12,05/03/2020 10:24:14.957,88,200,Thread Group 1-10,10,10,87,0,0
1.5834E+12,05/03/2020 10:24:14.999,89,200,Thread Group 1-2,10,10,89,0,0
1.5834E+12,05/03/2020 10:24:15.001,89,200,Thread Group 1-6,10,10,89,0,0
1.5834E+12,05/03/2020 10:24:15.035,78,200,Thread Group 1-10,10,10,78,0,0
1.5834E+12,05/03/2020 10:24:15.077,136,200,Thread Group 1-1,10,10,136,0,0
1.5834E+12,05/03/2020 10:24:15.087,88,200,Thread Group 1-2,10,10,88,0,0
1.5834E+12,05/03/2020 10:24:15.099,97,200,Thread Group 1-6,10,10,97,0,0
1.5834E+12,05/03/2020 10:24:15.112,156,200,Thread Group 1-3,10,10,156,0,3
1.5834E+12,05/03/2020 10:24:15.140,104,200,Thread Group 1-10,10,10,104,0,0
1.5834E+12,05/03/2020 10:24:15.176,98,200,Thread Group 1-1,10,10,97,0,0
1.5834E+12,05/03/2020 10:24:15.189,348,200,Thread Group 1-5,10,10,348,0,0
1.5834E+12,05/03/2020 10:24:15.193,93,200,Thread Group 1-6,10,10,93,0,0
1.5834E+12,05/03/2020 10:24:15.193,106,200,Thread Group 1-2,10,10,106,0,0
1.5834E+12,05/03/2020 10:24:15.197,84,200,Thread Group 1-3,10,10,84,0,0
1.5834E+12,05/03/2020 10:24:15.239,371,200,Thread Group 1-4,10,10,371,0,2
1.5834E+12,05/03/2020 10:24:15.240,99,200,Thread Group 1-10,10,10,99,0,0
1.5834E+12,05/03/2020 10:24:15.269,93,200,Thread Group 1-1,10,10,93,0,0
1.5834E+12,05/03/2020 10:24:15.285,88,200,Thread Group 1-3,10,10,88,0,0
1.5834E+12,05/03/2020 10:24:15.332,92,200,Thread Group 1-10,10,10,92,0,0
1.5834E+12,05/03/2020 10:24:15.336,96,200,Thread Group 1-4,10,10,96,0,0
1.5834E+12,05/03/2020 10:24:15.378,93,200,Thread Group 1-3,10,10,93,0,0
1.5834E+12,05/03/2020 10:24:15.391,198,200,Thread Group 1-2,10,10,198,0,0
1.5834E+12,05/03/2020 10:24:15.431,99,200,Thread Group 1-10,10,10,99,0,0
1.5834E+12,05/03/2020 10:24:15.433,97,200,Thread Group 1-4,10,10,97,0,0
1.5834E+12,05/03/2020 10:24:15.442,173,200,Thread Group 1-1,10,10,173,0,0
1.5834E+12,05/03/2020 10:24:15.483,290,200,Thread Group 1-6,10,10,290,0,0
1.5834E+12,05/03/2020 10:24:15.529,151,200,Thread Group 1-3,10,10,151,0,0
1.5834E+12,05/03/2020 10:24:15.582,149,200,Thread Group 1-4,10,10,149,0,0
1.5834E+12,05/03/2020 10:24:15.638,154,200,Thread Group 1-6,10,10,154,0,0
1.5834E+12,05/03/2020 10:24:15.697,306,200,Thread Group 1-2,10,10,306,0,0
1.5834E+12,05/03/2020 10:24:15.731,93,200,Thread Group 1-6,10,10,93,0,0
1.5834E+12,05/03/2020 10:24:15.742,213,200,Thread Group 1-3,10,10,212,0,0
1.5834E+12,05/03/2020 10:24:15.742,553,200,Thread Group 1-5,10,10,553,0,2
1.5834E+12,05/03/2020 10:24:15.745,303,200,Thread Group 1-1,10,10,303,0,0
1.5834E+12,05/03/2020 10:24:15.774,192,200,Thread Group 1-4,10,10,191,0,0
1.5834E+12,05/03/2020 10:24:15.784,87,200,Thread Group 1-2,10,10,86,0,0
1.5834E+12,05/03/2020 10:24:15.793,362,200,Thread Group 1-10,10,10,362,0,0
1.5834E+12,05/03/2020 10:24:15.835,93,200,Thread Group 1-3,10,10,93,0,0
1.5834E+12,05/03/2020 10:24:15.835,103,200,Thread Group 1-6,10,10,103,0,0
1.5834E+12,05/03/2020 10:24:15.838,96,200,Thread Group 1-5,10,10,96,0,0
1.5834E+12,05/03/2020 10:24:15.885,111,200,Thread Group 1-4,10,10,111,0,0
1.5834E+12,05/03/2020 10:24:15.889,144,200,Thread Group 1-1,10,10,144,0,2
1.5834E+12,05/03/2020 10:24:15.891,98,200,Thread Group 1-10,10,10,98,0,0
1.5834E+12,05/03/2020 10:24:15.938,103,200,Thread Group 1-3,10,10,103,0,0
1.5834E+12,05/03/2020 10:24:15.948,112,200,Thread Group 1-6,10,10,112,0,0
1.5834E+12,05/03/2020 10:24:15.972,83,200,Thread Group 1-1,10,10,83,0,0
1.5834E+12,05/03/2020 10:24:15.977,92,200,Thread Group 1-4,10,10,91,0,0
1.5834E+12,05/03/2020 10:24:15.991,100,200,Thread Group 1-10,10,10,100,0,0
1.5834E+12,05/03/2020 10:24:16.026,88,200,Thread Group 1-3,10,10,88,0,0
1.5834E+12,05/03/2020 10:24:16.042,94,200,Thread Group 1-6,10,10,94,0,0
1.5834E+12,05/03/2020 10:24:16.078,105,200,Thread Group 1-1,10,10,105,0,0
1.5834E+12,05/03/2020 10:24:16.079,87,200,Thread Group 1-10,10,10,87,0,0
1.5834E+12,05/03/2020 10:24:16.104,127,200,Thread Group 1-4,10,10,126,0,0
1.5834E+12,05/03/2020 10:24:16.106,79,200,Thread Group 1-3,10,10,79,0,0
1.5834E+12,05/03/2020 10:24:16.133,91,200,Thread Group 1-6,10,10,91,0,0
1.5834E+12,05/03/2020 10:24:16.175,96,200,Thread Group 1-10,10,10,96,0,0
1.5834E+12,05/03/2020 10:24:16.187,81,200,Thread Group 1-3,10,10,81,0,0
1.5834E+12,05/03/2020 10:24:16.191,113,200,Thread Group 1-1,10,10,113,0,0
1.5834E+12,05/03/2020 10:24:16.201,417,200,Thread Group 1-2,10,10,417,0,0
1.5834E+12,05/03/2020 10:24:16.245,112,200,Thread Group 1-6,10,10,112,0,0
1.5834E+12,05/03/2020 10:24:16.271,96,200,Thread Group 1-10,10,10,96,0,0
1.5834E+12,05/03/2020 10:24:16.292,101,200,Thread Group 1-1,10,10,101,0,0
1.5834E+12,05/03/2020 10:24:16.321,134,200,Thread Group 1-3,10,10,134,0,0
1.5834E+12,05/03/2020 10:24:16.367,165,200,Thread Group 1-2,10,10,165,0,2
1.5834E+12,05/03/2020 10:24:16.369,98,200,Thread Group 1-10,10,10,98,0,0
1.5834E+12,05/03/2020 10:24:16.376,131,200,Thread Group 1-6,10,10,131,0,0
1.5834E+12,05/03/2020 10:24:16.418,97,200,Thread Group 1-3,10,10,97,0,0
1.5834E+12,05/03/2020 10:24:16.423,130,200,Thread Group 1-1,10,10,130,0,0
1.5834E+12,05/03/2020 10:24:16.462,95,200,Thread Group 1-2,10,10,95,0,0
1.5834E+12,05/03/2020 10:24:16.472,96,200,Thread Group 1-6,10,10,96,0,0
1.5834E+12,05/03/2020 10:24:16.553,135,200,Thread Group 1-3,10,10,134,0,0
1.5834E+12,05/03/2020 10:24:16.554,131,200,Thread Group 1-1,10,10,131,0,0
1.5834E+12,05/03/2020 10:24:16.590,221,200,Thread Group 1-10,10,10,221,0,3
1.5834E+12,05/03/2020 10:24:16.591,752,200,Thread Group 1-5,10,10,752,0,0
1.5834E+12,05/03/2020 10:24:16.645,90,200,Thread Group 1-1,10,10,90,0,0
1.5834E+12,05/03/2020 10:24:16.666,203,200,Thread Group 1-2,10,10,203,0,0
1.5834E+12,05/03/2020 10:24:16.678,206,200,Thread Group 1-6,10,10,206,0,0
1.5834E+12,05/03/2020 10:24:16.689,99,200,Thread Group 1-10,10,10,99,0,0
1.5834E+12,05/03/2020 10:24:16.709,118,200,Thread Group 1-5,10,10,118,0,0
1.5834E+12,05/03/2020 10:24:16.737,91,200,Thread Group 1-1,10,10,91,0,0
1.5834E+12,05/03/2020 10:24:16.825,135,200,Thread Group 1-10,10,10,135,0,0
1.5834E+12,05/03/2020 10:24:16.831,152,200,Thread Group 1-6,10,10,152,0,3
1.5834E+12,05/03/2020 10:24:16.890,222,200,Thread Group 1-2,10,10,222,0,0
1.5834E+12,05/03/2020 10:24:16.906,195,200,Thread Group 1-5,10,10,195,0,0
1.5834E+12,05/03/2020 10:24:16.916,90,200,Thread Group 1-10,10,10,90,0,0
1.5834E+12,05/03/2020 10:24:16.921,90,200,Thread Group 1-6,10,10,90,0,0
1.5834E+12,05/03/2020 10:24:16.964,411,200,Thread Group 1-3,10,10,411,0,0
1.5834E+12,05/03/2020 10:24:16.990,886,200,Thread Group 1-4,10,10,886,0,0
1.5834E+12,05/03/2020 10:24:16.991,100,200,Thread Group 1-2,10,10,100,0,0
1.5834E+12,05/03/2020 10:24:17.010,104,200,Thread Group 1-5,10,10,102,0,0
1.5834E+12,05/03/2020 10:24:17.017,95,200,Thread Group 1-6,10,10,95,0,0
1.5834E+12,05/03/2020 10:24:17.084,92,200,Thread Group 1-2,10,10,91,0,0
1.5834E+12,05/03/2020 10:24:17.139,174,200,Thread Group 1-3,10,10,174,0,3
1.5834E+12,05/03/2020 10:24:17.148,138,200,Thread Group 1-5,10,10,138,0,0
1.5834E+12,05/03/2020 10:24:17.158,421,200,Thread Group 1-1,10,10,421,0,0
1.5834E+12,05/03/2020 10:24:17.173,89,200,Thread Group 1-2,10,10,89,0,0
1.5834E+12,05/03/2020 10:24:17.228,312,200,Thread Group 1-10,10,10,312,0,0
1.5834E+12,05/03/2020 10:24:17.230,90,200,Thread Group 1-3,10,10,90,0,0
1.5834E+12,05/03/2020 10:24:17.239,90,200,Thread Group 1-5,10,10,90,0,0
1.5834E+12,05/03/2020 10:24:17.268,95,200,Thread Group 1-2,10,10,95,0,0
1.5834E+12,05/03/2020 10:24:17.298,140,200,Thread Group 1-1,10,10,140,0,0
1.5834E+12,05/03/2020 10:24:17.328,310,200,Thread Group 1-6,10,10,310,0,0
1.5834E+12,05/03/2020 10:24:17.359,131,200,Thread Group 1-10,10,10,130,0,0
1.5834E+12,05/03/2020 10:24:17.378,148,200,Thread Group 1-3,10,10,147,0,0
1.5834E+12,05/03/2020 10:24:17.390,399,200,Thread Group 1-4,10,10,399,0,5
1.5834E+12,05/03/2020 10:24:17.395,126,200,Thread Group 1-2,10,10,126,0,0
1.5834E+12,05/03/2020 10:24:17.398,100,200,Thread Group 1-1,10,10,100,0,0
1.5834E+12,05/03/2020 10:24:17.425,97,200,Thread Group 1-6,10,10,97,0,0
1.5834E+12,05/03/2020 10:24:17.461,222,200,Thread Group 1-5,10,10,222,0,3
1.5834E+12,05/03/2020 10:24:17.462,103,200,Thread Group 1-10,10,10,103,0,0
1.5834E+12,05/03/2020 10:24:17.486,108,200,Thread Group 1-3,10,10,107,0,0
1.5834E+12,05/03/2020 10:24:17.493,98,200,Thread Group 1-2,10,10,98,0,0
1.5834E+12,05/03/2020 10:24:17.496,106,200,Thread Group 1-4,10,10,106,0,0
1.5834E+12,05/03/2020 10:24:17.529,68,200,Thread Group 1-5,10,10,68,0,0
1.5834E+12,05/03/2020 10:24:17.538,112,200,Thread Group 1-6,10,10,111,0,0
1.5834E+12,05/03/2020 10:24:17.539,141,200,Thread Group 1-1,10,10,141,0,0
1.5834E+12,05/03/2020 10:24:17.550,88,200,Thread Group 1-10,10,10,88,0,0
1.5834E+12,05/03/2020 10:24:17.582,85,200,Thread Group 1-4,10,10,85,0,0
1.5834E+12,05/03/2020 10:24:17.587,101,200,Thread Group 1-3,10,10,101,0,0
1.5834E+12,05/03/2020 10:24:17.630,92,200,Thread Group 1-6,10,10,92,0,0
1.5834E+12,05/03/2020 10:24:17.638,98,200,Thread Group 1-1,10,10,98,0,0
1.5834E+12,05/03/2020 10:24:17.666,173,200,Thread Group 1-2,10,10,173,0,0
1.5834E+12,05/03/2020 10:24:17.685,156,200,Thread Group 1-5,10,10,156,0,0
1.5834E+12,05/03/2020 10:24:17.694,106,200,Thread Group 1-3,10,10,106,0,0
1.5834E+12,05/03/2020 10:24:17.696,145,200,Thread Group 1-10,10,10,145,0,0
1.5834E+12,05/03/2020 10:24:17.706,123,200,Thread Group 1-4,10,10,123,0,0
1.5834E+12,05/03/2020 10:24:17.732,94,200,Thread Group 1-1,10,10,94,0,0
1.5834E+12,05/03/2020 10:24:17.756,90,200,Thread Group 1-2,10,10,90,0,0
1.5834E+12,05/03/2020 10:24:17.766,71,200,Thread Group 1-3,10,10,71,0,0
1.5834E+12,05/03/2020 10:24:17.775,145,200,Thread Group 1-6,10,10,145,0,0
1.5834E+12,05/03/2020 10:24:17.781,74,200,Thread Group 1-4,10,10,73,0,0
1.5834E+12,05/03/2020 10:24:17.794,98,200,Thread Group 1-10,10,10,98,0,0
1.5834E+12,05/03/2020 10:24:17.824,91,200,Thread Group 1-1,10,10,91,0,0
1.5834E+12,05/03/2020 10:24:17.862,177,200,Thread Group 1-5,10,10,177,0,0
1.5834E+12,05/03/2020 10:24:17.874,108,200,Thread Group 1-3,10,10,107,0,0
1.5834E+12,05/03/2020 10:24:17.879,98,200,Thread Group 1-4,10,10,98,0,0
1.5834E+12,05/03/2020 10:24:17.882,88,200,Thread Group 1-10,10,10,88,0,0
1.5834E+12,05/03/2020 10:24:17.889,133,200,Thread Group 1-2,10,10,132,0,0
1.5834E+12,05/03/2020 10:24:17.960,97,200,Thread Group 1-5,10,10,97,0,0
1.5834E+12,05/03/2020 10:24:17.976,97,200,Thread Group 1-4,10,10,97,0,0
1.5834E+12,05/03/2020 10:24:17.976,93,200,Thread Group 1-10,10,10,93,0,0
1.5834E+12,05/03/2020 10:24:17.984,208,200,Thread Group 1-6,10,10,208,0,0
1.5834E+12,05/03/2020 10:24:18.031,207,200,Thread Group 1-1,10,10,207,0,4
1.5834E+12,05/03/2020 10:24:18.059,83,200,Thread Group 1-4,10,10,83,0,0
1.5834E+12,05/03/2020 10:24:18.070,85,200,Thread Group 1-6,10,10,85,0,0
1.5834E+12,05/03/2020 10:24:18.074,114,200,Thread Group 1-5,10,10,113,0,0
1.5834E+12,05/03/2020 10:24:18.076,202,200,Thread Group 1-3,10,10,202,0,0
1.5834E+12,05/03/2020 10:24:18.086,197,200,Thread Group 1-2,10,10,197,0,0
1.5834E+12,05/03/2020 10:24:18.113,136,200,Thread Group 1-10,10,10,136,0,0
1.5834E+12,05/03/2020 10:24:18.127,96,200,Thread Group 1-1,10,10,96,0,0
1.5834E+12,05/03/2020 10:24:18.165,91,200,Thread Group 1-5,10,10,91,0,0
1.5834E+12,05/03/2020 10:24:18.175,105,200,Thread Group 1-6,10,10,105,0,0
1.5834E+12,05/03/2020 10:24:18.212,99,200,Thread Group 1-10,10,10,99,0,0
1.5834E+12,05/03/2020 10:24:18.224,137,200,Thread Group 1-2,10,10,137,0,0
1.5834E+12,05/03/2020 10:24:18.231,172,200,Thread Group 1-4,10,10,172,0,0
1.5834E+12,05/03/2020 10:24:18.295,130,200,Thread Group 1-5,10,10,130,0,0
1.5834E+12,05/03/2020 10:24:18.301,89,200,Thread Group 1-10,10,10,89,0,0
1.5834E+12,05/03/2020 10:24:18.312,137,200,Thread Group 1-6,10,10,137,0,0
1.5834E+12,05/03/2020 10:24:18.319,87,200,Thread Group 1-4,10,10,87,0,0
1.5834E+12,05/03/2020 10:24:18.379,303,200,Thread Group 1-3,10,10,303,0,0
1.5834E+12,05/03/2020 10:24:18.385,83,200,Thread Group 1-10,10,10,83,0,0
1.5834E+12,05/03/2020 10:24:18.400,105,200,Thread Group 1-5,10,10,105,0,0
1.5834E+12,05/03/2020 10:24:18.410,91,200,Thread Group 1-4,10,10,91,0,0
1.5834E+12,05/03/2020 10:24:18.434,208,200,Thread Group 1-2,10,10,208,0,2
1.5834E+12,05/03/2020 10:24:18.444,131,200,Thread Group 1-6,10,10,131,0,0
1.5834E+12,05/03/2020 10:24:18.452,325,200,Thread Group 1-1,10,10,325,0,0
1.5834E+12,05/03/2020 10:24:18.463,84,200,Thread Group 1-3,10,10,84,0,0
1.5834E+12,05/03/2020 10:24:18.506,105,200,Thread Group 1-5,10,10,105,0,0
1.5834E+12,05/03/2020 10:24:18.529,143,200,Thread Group 1-10,10,10,143,0,1
1.5834E+12,05/03/2020 10:24:18.533,89,200,Thread Group 1-6,10,10,89,0,0
1.5834E+12,05/03/2020 10:24:18.537,102,200,Thread Group 1-2,10,10,102,0,0
1.5834E+12,05/03/2020 10:24:18.558,94,200,Thread Group 1-3,10,10,94,0,0
1.5834E+12,05/03/2020 10:24:18.596,89,200,Thread Group 1-5,10,10,89,0,0
1.5834E+12,05/03/2020 10:24:18.613,84,200,Thread Group 1-10,10,10,84,0,0
1.5834E+12,05/03/2020 10:24:18.622,89,200,Thread Group 1-6,10,10,89,0,0
1.5834E+12,05/03/2020 10:24:18.645,87,200,Thread Group 1-3,10,10,87,0,0
1.5834E+12,05/03/2020 10:24:18.674,136,200,Thread Group 1-2,10,10,136,0,0
1.5834E+12,05/03/2020 10:24:18.682,69,200,Thread Group 1-10,10,10,69,0,0
1.5834E+12,05/03/2020 10:24:18.691,95,200,Thread Group 1-5,10,10,95,0,0
1.5834E+12,05/03/2020 10:24:18.718,95,200,Thread Group 1-6,10,10,95,0,0
1.5834E+12,05/03/2020 10:24:18.735,90,200,Thread Group 1-3,10,10,90,0,0
1.5834E+12,05/03/2020 10:24:18.781,99,200,Thread Group 1-10,10,10,99,0,0
1.5834E+12,05/03/2020 10:24:18.782,91,200,Thread Group 1-5,10,10,91,0,0
1.5834E+12,05/03/2020 10:24:18.821,86,200,Thread Group 1-3,10,10,86,0,0
1.5834E+12,05/03/2020 10:24:18.825,150,200,Thread Group 1-2,10,10,150,0,0
1.5834E+12,05/03/2020 10:24:18.868,85,200,Thread Group 1-5,10,10,85,0,0
1.5834E+12,05/03/2020 10:24:18.880,162,200,Thread Group 1-6,10,10,162,0,3
1.5834E+12,05/03/2020 10:24:18.881,99,200,Thread Group 1-10,10,10,99,0,0
1.5834E+12,05/03/2020 10:24:18.906,85,200,Thread Group 1-3,10,10,85,0,0
1.5834E+12,05/03/2020 10:24:18.929,104,200,Thread Group 1-2,10,10,103,0,0
1.5834E+12,05/03/2020 10:24:18.963,95,200,Thread Group 1-5,10,10,95,0,0
1.5834E+12,05/03/2020 10:24:18.970,90,200,Thread Group 1-6,10,10,90,0,0
1.5834E+12,05/03/2020 10:24:18.977,96,200,Thread Group 1-10,10,10,96,0,0
1.5834E+12,05/03/2020 10:24:19.002,94,200,Thread Group 1-3,10,10,94,0,0
1.5834E+12,05/03/2020 10:24:19.014,85,200,Thread Group 1-2,10,10,85,0,0
1.5834E+12,05/03/2020 10:24:19.070,106,200,Thread Group 1-5,10,10,106,0,0
1.5834E+12,05/03/2020 10:24:19.106,91,200,Thread Group 1-2,10,10,91,0,0
1.5834E+12,05/03/2020 10:24:19.112,142,200,Thread Group 1-6,10,10,142,0,0
1.5834E+12,05/03/2020 10:24:19.116,138,200,Thread Group 1-10,10,10,138,0,0
1.5834E+12,05/03/2020 10:24:19.129,126,200,Thread Group 1-3,10,10,126,0,2
1.5834E+12,05/03/2020 10:24:19.185,114,200,Thread Group 1-5,10,10,114,0,0
1.5834E+12,05/03/2020 10:24:19.204,98,200,Thread Group 1-2,10,10,98,0,0
1.5834E+12,05/03/2020 10:24:19.209,93,200,Thread Group 1-10,10,10,93,0,0
1.5834E+12,05/03/2020 10:24:19.211,98,200,Thread Group 1-6,10,10,98,0,0
1.5834E+12,05/03/2020 10:24:19.221,92,200,Thread Group 1-3,10,10,92,0,0
1.5834E+12,05/03/2020 10:24:19.275,90,200,Thread Group 1-5,10,10,90,0,0
1.5834E+12,05/03/2020 10:24:19.295,884,200,Thread Group 1-4,10,10,884,0,0
1.5834E+12,05/03/2020 10:24:19.326,105,200,Thread Group 1-3,10,10,105,0,0
1.5834E+12,05/03/2020 10:24:19.348,144,200,Thread Group 1-2,10,10,144,0,0
1.5834E+12,05/03/2020 10:24:19.349,139,200,Thread Group 1-10,10,10,139,0,0
1.5834E+12,05/03/2020 10:24:19.424,97,200,Thread Group 1-3,10,10,97,0,0
1.5834E+12,05/03/2020 10:24:19.437,88,200,Thread Group 1-2,10,10,87,0,0
1.5834E+12,05/03/2020 10:24:19.437,984,200,Thread Group 1-1,10,10,984,0,0
1.5834E+12,05/03/2020 10:24:19.443,93,200,Thread Group 1-10,10,10,93,0,0
1.5834E+12,05/03/2020 10:24:19.453,157,200,Thread Group 1-4,10,10,157,0,2
1.5834E+12,05/03/2020 10:24:19.530,93,200,Thread Group 1-2,10,10,93,0,0
1.5834E+12,05/03/2020 10:24:19.531,106,200,Thread Group 1-3,10,10,106,0,0
1.5834E+12,05/03/2020 10:24:19.545,101,200,Thread Group 1-10,10,10,101,0,0
1.5834E+12,05/03/2020 10:24:19.562,109,200,Thread Group 1-4,10,10,109,0,0
1.5834E+12,05/03/2020 10:24:19.585,148,200,Thread Group 1-1,10,10,148,0,0
1.5834E+12,05/03/2020 10:24:19.598,66,200,Thread Group 1-3,10,10,66,0,0
1.5834E+12,05/03/2020 10:24:19.612,401,200,Thread Group 1-6,10,10,401,0,0
1.5834E+12,05/03/2020 10:24:19.617,87,200,Thread Group 1-2,10,10,87,0,0
1.5834E+12,05/03/2020 10:24:19.636,91,200,Thread Group 1-10,10,10,91,0,0
1.5834E+12,05/03/2020 10:24:19.637,75,200,Thread Group 1-4,10,10,74,0,0
1.5834E+12,05/03/2020 10:24:19.655,379,200,Thread Group 1-5,10,10,379,0,3
1.5834E+12,05/03/2020 10:24:19.685,86,200,Thread Group 1-3,10,10,86,0,0
1.5834E+12,05/03/2020 10:24:19.707,95,200,Thread Group 1-6,10,10,95,0,0
1.5834E+12,05/03/2020 10:24:19.749,93,200,Thread Group 1-5,10,10,93,0,0
1.5834E+12,05/03/2020 10:24:19.761,143,200,Thread Group 1-2,10,10,143,0,0
1.5834E+12,05/03/2020 10:24:19.780,94,200,Thread Group 1-3,10,10,94,0,0
1.5834E+12,05/03/2020 10:24:19.800,93,200,Thread Group 1-6,10,10,93,0,0
1.5834E+12,05/03/2020 10:24:19.838,88,200,Thread Group 1-5,10,10,88,0,0
1.5834E+12,05/03/2020 10:24:19.852,91,200,Thread Group 1-2,10,10,91,0,0
1.5834E+12,05/03/2020 10:24:19.873,93,200,Thread Group 1-3,10,10,93,0,0
1.5834E+12,05/03/2020 10:24:19.898,97,200,Thread Group 1-6,10,10,97,0,0
1.5834E+12,05/03/2020 10:24:19.927,290,200,Thread Group 1-4,10,10,290,0,0
1.5834E+12,05/03/2020 10:24:19.936,84,200,Thread Group 1-2,10,10,84,0,0
1.5834E+12,05/03/2020 10:24:19.938,100,200,Thread Group 1-5,10,10,100,0,0
1.5834E+12,05/03/2020 10:24:19.969,96,200,Thread Group 1-3,10,10,96,0,0
1.5834E+12,05/03/2020 10:24:20.017,90,200,Thread Group 1-4,10,10,90,0,0
1.5834E+12,05/03/2020 10:24:20.030,92,200,Thread Group 1-5,10,10,92,0,0
1.5834E+12,05/03/2020 10:24:20.057,88,200,Thread Group 1-3,10,10,88,0,0
1.5834E+12,05/03/2020 10:24:20.106,207,200,Thread Group 1-6,10,10,207,0,0
1.5834E+12,05/03/2020 10:24:20.107,90,200,Thread Group 1-4,10,10,90,0,0
1.5834E+12,05/03/2020 10:24:20.121,91,200,Thread Group 1-5,10,10,91,0,0
1.5834E+12,05/03/2020 10:24:20.140,82,200,Thread Group 1-3,10,10,82,0,0
1.5834E+12,05/03/2020 10:24:20.179,242,200,Thread Group 1-2,10,10,242,0,0
1.5834E+12,05/03/2020 10:24:20.204,97,200,Thread Group 1-4,10,10,97,0,0
1.5834E+12,05/03/2020 10:24:20.208,87,200,Thread Group 1-5,10,10,87,0,0
1.5834E+12,05/03/2020 10:24:20.210,70,200,Thread Group 1-3,10,10,70,0,0
1.5834E+12,05/03/2020 10:24:20.212,106,200,Thread Group 1-6,10,10,106,0,0
1.5834E+12,05/03/2020 10:24:20.220,635,200,Thread Group 1-1,10,10,635,0,0
1.5834E+12,05/03/2020 10:24:20.296,87,200,Thread Group 1-5,10,10,87,0,0
1.5834E+12,05/03/2020 10:24:20.302,89,200,Thread Group 1-6,10,10,89,0,0
1.5834E+12,05/03/2020 10:24:20.304,668,200,Thread Group 1-10,10,10,668,0,0
1.5834E+12,05/03/2020 10:24:20.313,134,200,Thread Group 1-2,10,10,134,0,0
1.5834E+12,05/03/2020 10:24:20.314,109,200,Thread Group 1-4,10,10,109,0,0
1.5834E+12,05/03/2020 10:24:20.347,137,200,Thread Group 1-3,10,10,137,0,0
1.5834E+12,05/03/2020 10:24:20.396,93,200,Thread Group 1-6,10,10,93,0,0
1.5834E+12,05/03/2020 10:24:20.406,110,200,Thread Group 1-5,10,10,110,0,0
1.5834E+12,05/03/2020 10:24:20.411,97,200,Thread Group 1-4,10,10,97,0,0
1.5834E+12,05/03/2020 10:24:20.424,203,200,Thread Group 1-1,10,10,203,0,2
1.5834E+12,05/03/2020 10:24:20.440,92,200,Thread Group 1-3,10,10,92,0,0
1.5834E+12,05/03/2020 10:24:20.440,136,200,Thread Group 1-10,10,10,136,0,0
1.5834E+12,05/03/2020 10:24:20.491,85,200,Thread Group 1-5,10,10,85,0,0
1.5834E+12,05/03/2020 10:24:20.501,105,200,Thread Group 1-6,10,10,105,0,0
1.5834E+12,05/03/2020 10:24:20.512,72,200,Thread Group 1-3,10,10,72,0,0
1.5834E+12,05/03/2020 10:24:20.519,95,200,Thread Group 1-1,10,10,95,0,0
1.5834E+12,05/03/2020 10:24:20.543,131,200,Thread Group 1-4,10,10,131,0,0
1.5834E+12,05/03/2020 10:24:20.547,234,200,Thread Group 1-2,10,10,234,0,4
1.5834E+12,05/03/2020 10:24:20.612,99,200,Thread Group 1-3,10,10,99,0,0
1.5834E+12,05/03/2020 10:24:20.613,111,200,Thread Group 1-6,10,10,111,0,0
1.5834E+12,05/03/2020 10:24:20.618,177,200,Thread Group 1-10,10,10,177,0,1
1.5834E+12,05/03/2020 10:24:20.636,92,200,Thread Group 1-4,10,10,92,0,0
1.5834E+12,05/03/2020 10:24:20.645,97,200,Thread Group 1-2,10,10,97,0,0
1.5834E+12,05/03/2020 10:24:20.698,207,200,Thread Group 1-5,10,10,207,0,0
1.5834E+12,05/03/2020 10:24:20.703,91,200,Thread Group 1-3,10,10,91,0,0
1.5834E+12,05/03/2020 10:24:20.704,91,200,Thread Group 1-6,10,10,91,0,0
1.5834E+12,05/03/2020 10:24:20.709,91,200,Thread Group 1-10,10,10,91,0,0
1.5834E+12,05/03/2020 10:24:20.728,209,200,Thread Group 1-1,10,10,209,0,0
1.5834E+12,05/03/2020 10:24:20.742,97,200,Thread Group 1-2,10,10,97,0,0
1.5834E+12,05/03/2020 10:24:20.790,86,200,Thread Group 1-3,10,10,86,0,0
1.5834E+12,05/03/2020 10:24:20.794,95,200,Thread Group 1-5,10,10,95,0,0
1.5834E+12,05/03/2020 10:24:20.811,102,200,Thread Group 1-10,10,10,102,0,0
1.5834E+12,05/03/2020 10:24:20.818,89,200,Thread Group 1-1,10,10,89,0,0
1.5834E+12,05/03/2020 10:24:20.836,94,200,Thread Group 1-2,10,10,94,0,0
1.5834E+12,05/03/2020 10:24:20.866,230,200,Thread Group 1-4,10,10,230,0,0
1.5834E+12,05/03/2020 10:24:20.887,97,200,Thread Group 1-3,10,10,97,0,0
1.5834E+12,05/03/2020 10:24:20.898,104,200,Thread Group 1-5,10,10,104,0,0
1.5834E+12,05/03/2020 10:24:20.912,208,200,Thread Group 1-6,10,10,208,0,0
1.5834E+12,05/03/2020 10:24:20.950,114,200,Thread Group 1-2,10,10,113,0,0
1.5834E+12,05/03/2020 10:24:20.956,89,200,Thread Group 1-4,10,10,89,0,0
1.5834E+12,05/03/2020 10:24:20.969,70,200,Thread Group 1-5,10,10,70,0,0
1.5834E+12,05/03/2020 10:24:20.976,89,200,Thread Group 1-3,10,10,89,0,0
1.5834E+12,05/03/2020 10:24:20.986,168,200,Thread Group 1-1,10,10,168,0,0
1.5834E+12,05/03/2020 10:24:21.050,138,200,Thread Group 1-6,10,10,137,0,3
1.5834E+12,05/03/2020 10:24:21.059,109,200,Thread Group 1-2,10,10,109,0,0
1.5834E+12,05/03/2020 10:24:21.120,134,200,Thread Group 1-1,10,10,134,0,0
1.5834E+12,05/03/2020 10:24:21.122,146,200,Thread Group 1-3,10,10,146,0,0
1.5834E+12,05/03/2020 10:24:21.124,155,200,Thread Group 1-5,10,10,155,0,0
1.5834E+12,05/03/2020 10:24:21.145,95,200,Thread Group 1-6,10,10,95,0,0
1.5834E+12,05/03/2020 10:24:21.149,89,200,Thread Group 1-2,10,10,89,0,0
1.5834E+12,05/03/2020 10:24:21.253,108,200,Thread Group 1-6,10,10,108,0,0
1.5834E+12,05/03/2020 10:24:21.255,134,200,Thread Group 1-1,10,10,133,0,0
1.5834E+12,05/03/2020 10:24:21.262,138,200,Thread Group 1-5,10,10,138,0,0
1.5834E+12,05/03/2020 10:24:21.263,114,200,Thread Group 1-2,10,10,114,0,0
1.5834E+12,05/03/2020 10:24:21.343,88,200,Thread Group 1-1,10,10,88,0,0
1.5834E+12,05/03/2020 10:24:21.355,101,200,Thread Group 1-6,10,10,101,0,0
1.5834E+12,05/03/2020 10:24:21.357,94,200,Thread Group 1-2,10,10,94,0,0
1.5834E+12,05/03/2020 10:24:21.408,146,200,Thread Group 1-5,10,10,146,0,0
1.5834E+12,05/03/2020 10:24:21.428,85,200,Thread Group 1-1,10,10,85,0,0
1.5834E+12,05/03/2020 10:24:21.447,92,200,Thread Group 1-6,10,10,92,0,0
1.5834E+12,05/03/2020 10:24:21.453,96,200,Thread Group 1-2,10,10,96,0,0
1.5834E+12,05/03/2020 10:24:21.523,95,200,Thread Group 1-1,10,10,95,0,0
1.5834E+12,05/03/2020 10:24:21.536,82,200,Thread Group 1-2,10,10,82,0,0
1.5834E+12,05/03/2020 10:24:21.542,95,200,Thread Group 1-6,10,10,95,0,0
1.5834E+12,05/03/2020 10:24:21.553,145,200,Thread Group 1-5,10,10,145,0,1
1.5834E+12,05/03/2020 10:24:21.572,760,200,Thread Group 1-10,10,10,760,0,0
1.5834E+12,05/03/2020 10:24:21.603,647,200,Thread Group 1-4,10,10,646,0,0
1.5834E+12,05/03/2020 10:24:21.610,87,200,Thread Group 1-1,10,10,87,0,0
1.5834E+12,05/03/2020 10:24:21.624,81,200,Thread Group 1-6,10,10,81,0,0
1.5834E+12,05/03/2020 10:24:21.626,504,200,Thread Group 1-3,10,10,504,0,4
1.5834E+12,05/03/2020 10:24:21.626,90,200,Thread Group 1-2,10,10,90,0,0
1.5834E+12,05/03/2020 10:24:21.648,76,200,Thread Group 1-10,10,10,76,0,0
1.5834E+12,05/03/2020 10:24:21.680,70,200,Thread Group 1-1,10,10,70,0,0
1.5834E+12,05/03/2020 10:24:21.690,136,200,Thread Group 1-5,10,10,136,0,0
1.5834E+12,05/03/2020 10:24:21.721,96,200,Thread Group 1-6,10,10,96,0,0
1.5834E+12,05/03/2020 10:24:21.725,98,200,Thread Group 1-2,10,10,98,0,0
1.5834E+12,05/03/2020 10:24:21.744,96,200,Thread Group 1-10,10,10,96,0,0
1.5834E+12,05/03/2020 10:24:21.754,151,200,Thread Group 1-4,10,10,151,0,4
1.5834E+12,05/03/2020 10:24:21.762,72,200,Thread Group 1-5,10,10,72,0,0
1.5834E+12,05/03/2020 10:24:21.767,87,200,Thread Group 1-1,10,10,87,0,0
1.5834E+12,05/03/2020 10:24:21.812,91,200,Thread Group 1-6,10,10,91,0,0
1.5834E+12,05/03/2020 10:24:21.823,98,200,Thread Group 1-2,10,10,98,0,0
1.5834E+12,05/03/2020 10:24:21.833,71,200,Thread Group 1-5,10,10,71,0,0
1.5834E+12,05/03/2020 10:24:21.836,210,200,Thread Group 1-3,10,10,210,0,0
1.5834E+12,05/03/2020 10:24:21.859,92,200,Thread Group 1-1,10,10,92,0,0
1.5834E+12,05/03/2020 10:24:21.907,95,200,Thread Group 1-6,10,10,95,0,0
1.5834E+12,05/03/2020 10:24:21.929,92,200,Thread Group 1-3,10,10,91,0,0
1.5834E+12,05/03/2020 10:24:21.930,96,200,Thread Group 1-5,10,10,96,0,0
1.5834E+12,05/03/2020 10:24:21.942,197,200,Thread Group 1-10,10,10,197,0,0
1.5834E+12,05/03/2020 10:24:21.963,140,200,Thread Group 1-2,10,10,140,0,0
1.5834E+12,05/03/2020 10:24:21.981,227,200,Thread Group 1-4,10,10,227,0,0
1.5834E+12,05/03/2020 10:24:22.005,145,200,Thread Group 1-1,10,10,145,0,0
1.5834E+12,05/03/2020 10:24:22.035,105,200,Thread Group 1-5,10,10,105,0,0
1.5834E+12,05/03/2020 10:24:22.039,97,200,Thread Group 1-10,10,10,97,0,0
1.5834E+12,05/03/2020 10:24:22.044,136,200,Thread Group 1-6,10,10,136,0,0
1.5834E+12,05/03/2020 10:24:22.074,111,200,Thread Group 1-2,10,10,111,0,0
1.5834E+12,05/03/2020 10:24:22.076,94,200,Thread Group 1-4,10,10,94,0,0
1.5834E+12,05/03/2020 10:24:22.126,87,200,Thread Group 1-10,10,10,87,0,0
1.5834E+12,05/03/2020 10:24:22.128,92,200,Thread Group 1-5,10,10,92,0,0
1.5834E+12,05/03/2020 10:24:22.135,91,200,Thread Group 1-6,10,10,91,0,0
1.5834E+12,05/03/2020 10:24:22.178,101,200,Thread Group 1-4,10,10,101,0,0
1.5834E+12,05/03/2020 10:24:22.192,118,200,Thread Group 1-2,10,10,118,0,0
1.5834E+12,05/03/2020 10:24:22.210,83,200,Thread Group 1-10,10,10,83,0,0
1.5834E+12,05/03/2020 10:24:22.230,94,200,Thread Group 1-6,10,10,94,0,0
1.5834E+12,05/03/2020 10:24:22.238,110,200,Thread Group 1-5,10,10,110,0,0
1.5834E+12,05/03/2020 10:24:22.260,82,200,Thread Group 1-4,10,10,82,0,0
1.5834E+12,05/03/2020 10:24:22.284,92,200,Thread Group 1-2,10,10,92,0,0
1.5834E+12,05/03/2020 10:24:22.290,79,200,Thread Group 1-10,10,10,79,0,0
1.5834E+12,05/03/2020 10:24:22.335,105,200,Thread Group 1-6,10,10,105,0,0
1.5834E+12,05/03/2020 10:24:22.354,116,200,Thread Group 1-5,10,10,116,0,0
1.5834E+12,05/03/2020 10:24:22.362,101,200,Thread Group 1-4,10,10,101,0,0
1.5834E+12,05/03/2020 10:24:22.400,110,200,Thread Group 1-10,10,10,110,0,0
1.5834E+12,05/03/2020 10:24:22.424,140,200,Thread Group 1-2,10,10,140,0,0
1.5834E+12,05/03/2020 10:24:22.438,102,200,Thread Group 1-6,10,10,102,0,0
1.5834E+12,05/03/2020 10:24:22.451,89,200,Thread Group 1-4,10,10,89,0,0
1.5834E+12,05/03/2020 10:24:22.468,109,200,Thread Group 1-5,10,10,109,0,0
1.5834E+12,05/03/2020 10:24:22.494,94,200,Thread Group 1-10,10,10,94,0,0
1.5834E+12,05/03/2020 10:24:22.541,103,200,Thread Group 1-6,10,10,103,0,0
1.5834E+12,05/03/2020 10:24:22.542,90,200,Thread Group 1-4,10,10,90,0,0
1.5834E+12,05/03/2020 10:24:22.555,626,200,Thread Group 1-3,10,10,626,0,0
1.5834E+12,05/03/2020 10:24:22.576,107,200,Thread Group 1-5,10,10,107,0,0
1.5834E+12,05/03/2020 10:24:22.580,156,200,Thread Group 1-2,10,10,156,0,2
1.5834E+12,05/03/2020 10:24:22.630,136,200,Thread Group 1-10,10,10,136,0,3
1.5834E+12,05/03/2020 10:24:22.654,648,200,Thread Group 1-1,10,10,648,0,0
1.5834E+12,05/03/2020 10:24:22.655,113,200,Thread Group 1-4,10,10,113,0,0
1.5834E+12,05/03/2020 10:24:22.670,94,200,Thread Group 1-5,10,10,94,0,0
1.5834E+12,05/03/2020 10:24:22.671,91,200,Thread Group 1-2,10,10,91,0,0
1.5834E+12,05/03/2020 10:24:22.712,82,200,Thread Group 1-10,10,10,82,0,0
1.5834E+12,05/03/2020 10:24:22.746,90,200,Thread Group 1-4,10,10,90,0,0
1.5834E+12,05/03/2020 10:24:22.749,79,200,Thread Group 1-5,10,10,79,0,0
1.5834E+12,05/03/2020 10:24:22.770,99,200,Thread Group 1-2,10,10,99,0,0
1.5834E+12,05/03/2020 10:24:22.794,82,200,Thread Group 1-10,10,10,82,0,0
1.5834E+12,05/03/2020 10:24:22.829,83,200,Thread Group 1-4,10,10,83,0,0
1.5834E+12,05/03/2020 10:24:22.841,91,200,Thread Group 1-5,10,10,91,0,0
1.5834E+12,05/03/2020 10:24:22.877,107,200,Thread Group 1-2,10,10,107,0,0
1.5834E+12,05/03/2020 10:24:22.882,227,200,Thread Group 1-1,10,10,227,0,4
1.5834E+12,05/03/2020 10:24:22.888,94,200,Thread Group 1-10,10,10,94,0,0
1.5834E+12,05/03/2020 10:24:22.926,97,200,Thread Group 1-4,10,10,97,0,0
1.5834E+12,05/03/2020 10:24:22.941,100,200,Thread Group 1-5,10,10,100,0,0
1.5834E+12,05/03/2020 10:24:22.974,97,200,Thread Group 1-2,10,10,97,0,0
1.5834E+12,05/03/2020 10:24:22.978,437,200,Thread Group 1-6,10,10,437,0,0
1.5834E+12,05/03/2020 10:24:22.991,109,200,Thread Group 1-1,10,10,109,0,0
1.5834E+12,05/03/2020 10:24:22.992,104,200,Thread Group 1-10,10,10,104,0,0
1.5834E+12,05/03/2020 10:24:23.015,89,200,Thread Group 1-4,10,10,89,0,0
1.5834E+12,05/03/2020 10:24:23.027,86,200,Thread Group 1-5,10,10,86,0,0
1.5834E+12,05/03/2020 10:24:23.079,105,200,Thread Group 1-2,10,10,105,0,0
1.5834E+12,05/03/2020 10:24:23.083,92,200,Thread Group 1-1,10,10,92,0,0
1.5834E+12,05/03/2020 10:24:23.120,92,200,Thread Group 1-5,10,10,92,0,0
1.5834E+12,05/03/2020 10:24:23.149,134,200,Thread Group 1-4,10,10,134,0,0
1.5834E+12,05/03/2020 10:24:23.154,12960,200,Thread Group 1-9,10,10,12960,0,0
1.5834E+12,05/03/2020 10:24:23.166,174,200,Thread Group 1-10,10,10,173,0,0
1.5834E+12,05/03/2020 10:24:23.175,620,200,Thread Group 1-3,10,10,620,0,0
1.5834E+12,05/03/2020 10:24:23.214,135,200,Thread Group 1-2,10,10,135,0,0
1.5834E+12,05/03/2020 10:24:23.238,155,200,Thread Group 1-1,10,10,155,0,0
1.5834E+12,05/03/2020 10:24:23.246,97,200,Thread Group 1-4,10,10,97,0,0
1.5834E+12,05/03/2020 10:24:23.256,136,200,Thread Group 1-5,10,10,136,0,0
1.5834E+12,05/03/2020 10:24:23.263,97,200,Thread Group 1-10,10,10,97,0,0
1.5834E+12,05/03/2020 10:24:23.291,313,200,Thread Group 1-6,10,10,313,0,2
1.5834E+12,05/03/2020 10:24:23.308,94,200,Thread Group 1-2,10,10,94,0,0
1.5834E+12,05/03/2020 10:24:23.309,152,200,Thread Group 1-9,10,10,152,0,2
1.5834E+12,05/03/2020 10:24:23.335,159,200,Thread Group 1-3,10,10,159,0,2
1.5834E+12,05/03/2020 10:24:23.336,90,200,Thread Group 1-4,10,10,90,0,0
1.5834E+12,05/03/2020 10:24:23.381,89,200,Thread Group 1-6,10,10,89,0,0
1.5834E+12,05/03/2020 10:24:23.397,88,200,Thread Group 1-2,10,10,88,0,0
1.5834E+12,05/03/2020 10:24:23.399,161,200,Thread Group 1-1,10,10,161,0,0
1.5834E+12,05/03/2020 10:24:23.400,144,200,Thread Group 1-5,10,10,144,0,0
1.5834E+12,05/03/2020 10:24:23.410,74,200,Thread Group 1-4,10,10,74,0,0
1.5834E+12,05/03/2020 10:24:23.427,92,200,Thread Group 1-3,10,10,92,0,0
1.5834E+12,05/03/2020 10:24:23.448,139,200,Thread Group 1-9,10,10,139,0,0
1.5834E+12,05/03/2020 10:24:23.476,95,200,Thread Group 1-6,10,10,95,0,0
1.5834E+12,05/03/2020 10:24:23.491,94,200,Thread Group 1-2,10,10,94,0,0
1.5834E+12,05/03/2020 10:24:23.501,101,200,Thread Group 1-5,10,10,101,0,0
1.5834E+12,05/03/2020 10:24:23.509,98,200,Thread Group 1-4,10,10,98,0,0
1.5834E+12,05/03/2020 10:24:23.516,89,200,Thread Group 1-3,10,10,89,0,0
1.5834E+12,05/03/2020 10:24:23.528,129,200,Thread Group 1-1,10,10,129,0,0
1.5834E+12,05/03/2020 10:24:23.541,93,200,Thread Group 1-9,10,10,93,0,0
1.5834E+12,05/03/2020 10:24:23.548,285,200,Thread Group 1-10,10,10,285,0,0
1.5834E+12,05/03/2020 10:24:23.592,101,200,Thread Group 1-2,10,10,101,0,0
1.5834E+12,05/03/2020 10:24:23.605,88,200,Thread Group 1-3,10,10,88,0,0
1.5834E+12,05/03/2020 10:24:23.620,111,200,Thread Group 1-4,10,10,111,0,0
1.5834E+12,05/03/2020 10:24:23.625,96,200,Thread Group 1-1,10,10,96,0,0
1.5834E+12,05/03/2020 10:24:23.628,152,200,Thread Group 1-6,10,10,152,0,0
1.5834E+12,05/03/2020 10:24:23.633,92,200,Thread Group 1-9,10,10,92,0,0
1.5834E+12,05/03/2020 10:24:23.688,96,200,Thread Group 1-2,10,10,96,0,0
1.5834E+12,05/03/2020 10:24:23.689,140,200,Thread Group 1-10,10,10,140,0,0
1.5834E+12,05/03/2020 10:24:23.699,94,200,Thread Group 1-3,10,10,94,0,0
1.5834E+12,05/03/2020 10:24:23.703,202,200,Thread Group 1-5,10,10,202,0,2
1.5834E+12,05/03/2020 10:24:23.719,91,200,Thread Group 1-6,10,10,91,0,0
1.5834E+12,05/03/2020 10:24:23.726,93,200,Thread Group 1-9,10,10,93,0,0
1.5834E+12,05/03/2020 10:24:23.729,104,200,Thread Group 1-1,10,10,104,0,0
1.5834E+12,05/03/2020 10:24:23.746,126,200,Thread Group 1-4,10,10,126,0,2
1.5834E+12,05/03/2020 10:24:23.792,93,200,Thread Group 1-3,10,10,93,0,0
1.5834E+12,05/03/2020 10:24:23.798,109,200,Thread Group 1-10,10,10,109,0,0
1.5834E+12,05/03/2020 10:24:23.801,98,200,Thread Group 1-5,10,10,98,0,0
1.5834E+12,05/03/2020 10:24:23.818,89,200,Thread Group 1-1,10,10,89,0,0
1.5834E+12,05/03/2020 10:24:23.829,83,200,Thread Group 1-4,10,10,83,0,0
1.5834E+12,05/03/2020 10:24:23.875,155,200,Thread Group 1-6,10,10,155,0,0
1.5834E+12,05/03/2020 10:24:23.890,202,200,Thread Group 1-2,10,10,202,0,0
1.5834E+12,05/03/2020 10:24:23.891,98,200,Thread Group 1-3,10,10,98,0,0
1.5834E+12,05/03/2020 10:24:23.895,94,200,Thread Group 1-5,10,10,94,0,0
1.5834E+12,05/03/2020 10:24:23.896,98,200,Thread Group 1-10,10,10,98,0,0
1.5834E+12,05/03/2020 10:24:23.905,179,200,Thread Group 1-9,10,10,179,0,0
1.5834E+12,05/03/2020 10:24:23.910,92,200,Thread Group 1-1,10,10,92,0,0
1.5834E+12,05/03/2020 10:24:23.966,75,200,Thread Group 1-3,10,10,75,0,0
1.5834E+12,05/03/2020 10:24:23.984,88,200,Thread Group 1-5,10,10,88,0,0
1.5834E+12,05/03/2020 10:24:23.985,156,200,Thread Group 1-4,10,10,156,0,0
1.5834E+12,05/03/2020 10:24:23.992,87,200,Thread Group 1-9,10,10,87,0,0
1.5834E+12,05/03/2020 10:24:24.013,103,200,Thread Group 1-1,10,10,103,0,0
1.5834E+12,05/03/2020 10:24:24.025,134,200,Thread Group 1-2,10,10,133,0,0
1.5834E+12,05/03/2020 10:24:24.047,81,200,Thread Group 1-3,10,10,81,0,0
1.5834E+12,05/03/2020 10:24:24.067,83,200,Thread Group 1-5,10,10,83,0,0
1.5834E+12,05/03/2020 10:24:24.071,86,200,Thread Group 1-4,10,10,86,0,0
1.5834E+12,05/03/2020 10:24:24.096,104,200,Thread Group 1-9,10,10,104,0,0
1.5834E+12,05/03/2020 10:24:24.112,87,200,Thread Group 1-2,10,10,87,0,0
1.5834E+12,05/03/2020 10:24:24.125,112,200,Thread Group 1-1,10,10,112,0,0
1.5834E+12,05/03/2020 10:24:24.135,87,200,Thread Group 1-3,10,10,87,0,0
1.5834E+12,05/03/2020 10:24:24.161,94,200,Thread Group 1-5,10,10,94,0,0
1.5834E+12,05/03/2020 10:24:24.162,91,200,Thread Group 1-4,10,10,91,0,0
1.5834E+12,05/03/2020 10:24:24.214,101,200,Thread Group 1-2,10,10,101,0,0
1.5834E+12,05/03/2020 10:24:24.219,94,200,Thread Group 1-1,10,10,94,0,0
1.5834E+12,05/03/2020 10:24:24.228,93,200,Thread Group 1-3,10,10,93,0,0
1.5834E+12,05/03/2020 10:24:24.237,141,200,Thread Group 1-9,10,10,141,0,0
1.5834E+12,05/03/2020 10:24:24.246,85,200,Thread Group 1-5,10,10,85,0,0
1.5834E+12,05/03/2020 10:24:24.251,89,200,Thread Group 1-4,10,10,89,0,0
1.5834E+12,05/03/2020 10:24:24.299,424,200,Thread Group 1-6,10,10,424,0,0
1.5834E+12,05/03/2020 10:24:24.319,100,200,Thread Group 1-1,10,10,99,0,0
1.5834E+12,05/03/2020 10:24:24.319,423,200,Thread Group 1-10,10,10,423,0,0
1.5834E+12,05/03/2020 10:24:24.338,124,200,Thread Group 1-2,10,10,124,0,0
1.5834E+12,05/03/2020 10:24:24.339,93,200,Thread Group 1-5,9,9,93,0,0
1.5834E+12,05/03/2020 10:24:24.343,115,200,Thread Group 1-3,9,9,115,0,0
1.5834E+12,05/03/2020 10:24:24.346,95,200,Thread Group 1-4,9,9,95,0,0
1.5834E+12,05/03/2020 10:24:24.383,146,200,Thread Group 1-9,9,9,146,0,0
1.5834E+12,05/03/2020 10:24:24.386,87,200,Thread Group 1-6,9,9,87,0,0
1.5834E+12,05/03/2020 10:24:24.420,101,200,Thread Group 1-1,9,9,101,0,0
1.5834E+12,05/03/2020 10:24:24.427,87,200,Thread Group 1-5,9,9,87,0,0
1.5834E+12,05/03/2020 10:24:24.464,118,200,Thread Group 1-4,9,9,118,0,0
1.5834E+12,05/03/2020 10:24:24.471,88,200,Thread Group 1-9,9,9,88,0,0
1.5834E+12,05/03/2020 10:24:24.479,93,200,Thread Group 1-6,9,9,93,0,0
1.5834E+12,05/03/2020 10:24:24.511,91,200,Thread Group 1-1,9,9,90,0,0
1.5834E+12,05/03/2020 10:24:24.522,94,200,Thread Group 1-5,9,9,94,0,0
1.5834E+12,05/03/2020 10:24:24.554,90,200,Thread Group 1-4,9,9,90,0,0
1.5834E+12,05/03/2020 10:24:24.570,91,200,Thread Group 1-6,9,9,91,0,0
1.5834E+12,05/03/2020 10:24:24.579,108,200,Thread Group 1-9,9,9,108,0,0
1.5834E+12,05/03/2020 10:24:24.604,81,200,Thread Group 1-5,9,9,81,0,0
1.5834E+12,05/03/2020 10:24:24.605,94,200,Thread Group 1-1,9,9,94,0,0
1.5834E+12,05/03/2020 10:24:24.644,300,200,Thread Group 1-3,9,9,300,0,0
1.5834E+12,05/03/2020 10:24:24.667,348,200,Thread Group 1-10,9,9,348,0,0
1.5834E+12,05/03/2020 10:24:24.670,100,200,Thread Group 1-6,9,9,100,0,0
1.5834E+12,05/03/2020 10:24:24.689,134,200,Thread Group 1-4,9,9,134,0,0
1.5834E+12,05/03/2020 10:24:24.709,103,200,Thread Group 1-1,9,9,103,0,0
1.5834E+12,05/03/2020 10:24:24.723,79,200,Thread Group 1-3,9,9,79,0,0
1.5834E+12,05/03/2020 10:24:24.732,127,200,Thread Group 1-5,9,9,127,0,0
1.5834E+12,05/03/2020 10:24:24.744,164,200,Thread Group 1-9,9,9,164,0,0
1.5834E+12,05/03/2020 10:24:24.797,108,200,Thread Group 1-4,9,9,108,0,0
1.5834E+12,05/03/2020 10:24:24.804,137,200,Thread Group 1-10,9,9,137,0,3
1.5834E+12,05/03/2020 10:24:24.805,134,200,Thread Group 1-6,9,9,134,0,0
1.5834E+12,05/03/2020 10:24:24.822,78,200,Thread Group 1-9,9,9,78,0,0
1.5834E+12,05/03/2020 10:24:24.829,97,200,Thread Group 1-5,9,9,97,0,0
1.5834E+12,05/03/2020 10:24:24.897,92,200,Thread Group 1-6,9,9,92,0,0
1.5834E+12,05/03/2020 10:24:24.907,103,200,Thread Group 1-10,9,9,103,0,0
1.5834E+12,05/03/2020 10:24:24.907,84,200,Thread Group 1-9,9,9,84,0,0
1.5834E+12,05/03/2020 10:24:24.921,124,200,Thread Group 1-4,9,9,124,0,0
1.5834E+12,05/03/2020 10:24:24.922,213,200,Thread Group 1-1,9,9,213,0,2
1.5834E+12,05/03/2020 10:24:24.922,198,200,Thread Group 1-3,9,9,198,0,0
1.5834E+12,05/03/2020 10:24:24.963,134,200,Thread Group 1-5,9,9,134,0,0
1.5834E+12,05/03/2020 10:24:24.988,91,200,Thread Group 1-6,9,9,91,0,0
1.5834E+12,05/03/2020 10:24:25.020,98,200,Thread Group 1-1,9,9,98,0,0
1.5834E+12,05/03/2020 10:24:25.042,135,200,Thread Group 1-10,9,9,135,0,0
1.5834E+12,05/03/2020 10:24:25.050,128,200,Thread Group 1-4,9,9,128,0,0
1.5834E+12,05/03/2020 10:24:25.059,96,200,Thread Group 1-5,9,9,96,0,0
1.5834E+12,05/03/2020 10:24:25.071,149,200,Thread Group 1-3,9,9,149,0,0
1.5834E+12,05/03/2020 10:24:25.109,202,200,Thread Group 1-9,9,9,202,0,0
1.5834E+12,05/03/2020 10:24:25.132,82,200,Thread Group 1-4,9,9,82,0,0
1.5834E+12,05/03/2020 10:24:25.134,92,200,Thread Group 1-10,9,9,92,0,0
1.5834E+12,05/03/2020 10:24:25.156,136,200,Thread Group 1-1,9,9,136,0,0
1.5834E+12,05/03/2020 10:24:25.157,169,200,Thread Group 1-6,9,9,169,0,2
1.5834E+12,05/03/2020 10:24:25.204,133,200,Thread Group 1-3,9,9,133,0,0
1.5834E+12,05/03/2020 10:24:25.213,103,200,Thread Group 1-9,9,9,103,0,0
1.5834E+12,05/03/2020 10:24:25.250,92,200,Thread Group 1-6,9,9,92,0,0
1.5834E+12,05/03/2020 10:24:25.271,137,200,Thread Group 1-10,9,9,137,0,0
1.5834E+12,05/03/2020 10:24:25.278,146,200,Thread Group 1-4,9,9,146,0,0
1.5834E+12,05/03/2020 10:24:25.300,144,200,Thread Group 1-1,9,9,144,0,0
1.5834E+12,05/03/2020 10:24:25.359,146,200,Thread Group 1-9,9,9,146,0,4
1.5834E+12,05/03/2020 10:24:25.360,89,200,Thread Group 1-10,9,9,89,0,0
1.5834E+12,05/03/2020 10:24:25.371,311,200,Thread Group 1-5,9,9,311,0,0
1.5834E+12,05/03/2020 10:24:25.393,143,200,Thread Group 1-6,9,9,143,0,0
1.5834E+12,05/03/2020 10:24:25.412,133,200,Thread Group 1-4,8,8,133,0,0
1.5834E+12,05/03/2020 10:24:25.415,211,200,Thread Group 1-3,8,8,211,0,2
1.5834E+12,05/03/2020 10:24:25.460,101,200,Thread Group 1-9,8,8,101,0,0
1.5834E+12,05/03/2020 10:24:25.468,97,200,Thread Group 1-5,8,8,97,0,0
1.5834E+12,05/03/2020 10:24:25.498,138,200,Thread Group 1-10,8,8,138,0,0
1.5834E+12,05/03/2020 10:24:25.511,99,200,Thread Group 1-4,8,8,99,0,0
1.5834E+12,05/03/2020 10:24:25.511,210,200,Thread Group 1-1,8,8,210,0,0
1.5834E+12,05/03/2020 10:24:25.558,90,200,Thread Group 1-5,8,8,90,0,0
1.5834E+12,05/03/2020 10:24:25.575,115,200,Thread Group 1-9,7,7,115,0,0
1.5834E+12,05/03/2020 10:24:25.590,175,200,Thread Group 1-3,7,7,175,0,0
1.5834E+12,05/03/2020 10:24:25.624,113,200,Thread Group 1-1,7,7,113,0,0
1.5834E+12,05/03/2020 10:24:25.652,141,200,Thread Group 1-4,7,7,141,0,0
1.5834E+12,05/03/2020 10:24:25.679,181,200,Thread Group 1-10,7,7,181,0,0
1.5834E+12,05/03/2020 10:24:25.684,93,200,Thread Group 1-3,7,7,93,0,0
1.5834E+12,05/03/2020 10:24:25.704,129,200,Thread Group 1-9,7,7,129,0,0
1.5834E+12,05/03/2020 10:24:25.717,93,200,Thread Group 1-1,7,7,93,0,0
1.5834E+12,05/03/2020 10:24:25.773,94,200,Thread Group 1-10,7,7,94,0,0
1.5834E+12,05/03/2020 10:24:25.775,71,200,Thread Group 1-9,7,7,71,0,0
1.5834E+12,05/03/2020 10:24:25.791,107,200,Thread Group 1-3,7,7,107,0,0
1.5834E+12,05/03/2020 10:24:25.801,149,200,Thread Group 1-4,7,7,148,0,2
1.5834E+12,05/03/2020 10:24:25.807,90,200,Thread Group 1-1,7,7,90,0,0
1.5834E+12,05/03/2020 10:24:25.859,86,200,Thread Group 1-10,7,7,86,0,0
1.5834E+12,05/03/2020 10:24:25.885,110,200,Thread Group 1-9,7,7,110,0,0
1.5834E+12,05/03/2020 10:24:25.923,116,200,Thread Group 1-1,7,7,116,0,0
1.5834E+12,05/03/2020 10:24:25.934,143,200,Thread Group 1-3,7,7,143,0,0
1.5834E+12,05/03/2020 10:24:26.003,117,200,Thread Group 1-9,7,7,117,0,0
1.5834E+12,05/03/2020 10:24:26.011,210,200,Thread Group 1-4,7,7,210,0,0
1.5834E+12,05/03/2020 10:24:26.020,97,200,Thread Group 1-1,7,7,97,0,0
1.5834E+12,05/03/2020 10:24:26.026,92,200,Thread Group 1-3,7,7,92,0,0
1.5834E+12,05/03/2020 10:24:26.068,209,200,Thread Group 1-10,7,7,209,0,0
1.5834E+12,05/03/2020 10:24:26.091,80,200,Thread Group 1-4,7,7,80,0,0
1.5834E+12,05/03/2020 10:24:26.140,137,200,Thread Group 1-9,7,7,137,0,0
1.5834E+12,05/03/2020 10:24:26.154,134,200,Thread Group 1-1,7,7,134,0,0
1.5834E+12,05/03/2020 10:24:26.169,100,200,Thread Group 1-10,7,7,100,0,0
1.5834E+12,05/03/2020 10:24:26.178,152,200,Thread Group 1-3,7,7,152,0,0
1.5834E+12,05/03/2020 10:24:26.194,102,200,Thread Group 1-4,7,7,102,0,0
1.5834E+12,05/03/2020 10:24:26.218,78,200,Thread Group 1-9,7,7,78,0,0
1.5834E+12,05/03/2020 10:24:26.240,70,200,Thread Group 1-10,7,7,70,0,0
1.5834E+12,05/03/2020 10:24:26.280,102,200,Thread Group 1-3,7,7,102,0,0
1.5834E+12,05/03/2020 10:24:26.285,91,200,Thread Group 1-4,6,6,91,0,0
1.5834E+12,05/03/2020 10:24:26.313,159,200,Thread Group 1-1,6,6,159,0,0
1.5834E+12,05/03/2020 10:24:26.314,95,200,Thread Group 1-9,6,6,95,0,0
1.5834E+12,05/03/2020 10:24:26.373,88,200,Thread Group 1-4,5,5,88,0,0
1.5834E+12,05/03/2020 10:24:26.406,92,200,Thread Group 1-9,5,5,92,0,0
1.5834E+12,05/03/2020 10:24:26.416,176,200,Thread Group 1-10,5,5,176,0,0
1.5834E+12,05/03/2020 10:24:26.483,110,200,Thread Group 1-4,5,5,110,0,0
1.5834E+12,05/03/2020 10:24:26.504,88,200,Thread Group 1-10,5,5,88,0,0
1.5834E+12,05/03/2020 10:24:26.542,136,200,Thread Group 1-9,4,4,136,0,0
1.5834E+12,05/03/2020 10:24:26.593,110,200,Thread Group 1-4,4,4,110,0,0
1.5834E+12,05/03/2020 10:24:26.645,103,200,Thread Group 1-9,4,4,103,0,0
1.5834E+12,05/03/2020 10:24:26.701,108,200,Thread Group 1-4,4,4,107,0,0
1.5834E+12,05/03/2020 10:24:26.739,93,200,Thread Group 1-9,4,4,93,0,0
1.5834E+12,05/03/2020 10:24:26.791,89,200,Thread Group 1-4,4,4,89,0,0
1.5834E+12,05/03/2020 10:24:26.845,106,200,Thread Group 1-9,4,4,106,0,0
1.5834E+12,05/03/2020 10:24:26.927,82,200,Thread Group 1-9,4,4,82,0,0
1.5834E+12,05/03/2020 10:24:26.988,197,200,Thread Group 1-4,4,4,197,0,0
1.5834E+12,05/03/2020 10:24:27.094,105,200,Thread Group 1-4,4,4,105,0,0
1.5834E+12,05/03/2020 10:24:27.134,206,200,Thread Group 1-9,4,4,206,0,0
1.5834E+12,05/03/2020 10:24:27.228,94,200,Thread Group 1-9,4,4,94,0,0
1.5834E+12,05/03/2020 10:24:27.271,177,200,Thread Group 1-4,4,4,177,0,0
1.5834E+12,05/03/2020 10:24:27.387,159,200,Thread Group 1-9,3,3,159,0,2
1.5834E+12,05/03/2020 10:24:27.483,95,200,Thread Group 1-9,3,3,95,0,0
1.5834E+12,05/03/2020 10:24:27.568,84,200,Thread Group 1-9,3,3,84,0,0
1.5834E+12,05/03/2020 10:24:27.703,135,200,Thread Group 1-9,3,3,135,0,0
1.5834E+12,05/03/2020 10:24:27.795,92,200,Thread Group 1-9,3,3,92,0,0
1.5834E+12,05/03/2020 10:24:27.934,138,200,Thread Group 1-9,3,3,138,0,0
1.5834E+12,05/03/2020 10:24:28.091,157,200,Thread Group 1-9,3,3,157,0,0
1.5834E+12,05/03/2020 10:24:28.227,135,200,Thread Group 1-9,3,3,135,0,0
1.5834E+12,05/03/2020 10:24:28.318,91,200,Thread Group 1-9,3,3,90,0,0
1.5834E+12,05/03/2020 10:24:28.524,206,200,Thread Group 1-9,3,3,206,0,0
1.5834E+12,05/03/2020 10:24:28.667,143,200,Thread Group 1-9,3,3,143,0,0
1.5834E+12,05/03/2020 10:24:28.831,164,200,Thread Group 1-9,3,3,164,0,0
1.5834E+12,05/03/2020 10:24:29.157,325,200,Thread Group 1-9,3,3,325,0,0
1.5834E+12,05/03/2020 10:24:29.291,133,200,Thread Group 1-9,3,3,133,0,0
1.5834E+12,05/03/2020 10:24:29.456,165,200,Thread Group 1-9,3,3,165,0,2
1.5834E+12,05/03/2020 10:24:29.548,92,200,Thread Group 1-9,3,3,92,0,0
1.5834E+12,05/03/2020 10:24:29.653,105,200,Thread Group 1-9,3,3,105,0,0
1.5834E+12,05/03/2020 10:24:29.732,78,200,Thread Group 1-9,3,3,78,0,0
1.5834E+12,05/03/2020 10:24:29.848,116,200,Thread Group 1-9,3,3,116,0,0
1.5834E+12,05/03/2020 10:24:29.929,80,200,Thread Group 1-9,3,3,80,0,0
1.5834E+12,05/03/2020 10:24:30.022,92,200,Thread Group 1-9,3,3,92,0,0
1.5834E+12,05/03/2020 10:24:30.117,95,200,Thread Group 1-9,3,3,95,0,0
1.5834E+12,05/03/2020 10:24:30.213,96,200,Thread Group 1-9,3,3,96,0,0
1.5834E+12,05/03/2020 10:24:30.303,89,200,Thread Group 1-9,3,3,89,0,0
1.5834E+12,05/03/2020 10:24:30.442,139,200,Thread Group 1-9,3,3,139,0,0
1.5834E+12,05/03/2020 10:24:30.546,104,200,Thread Group 1-9,3,3,104,0,0
1.5834E+12,05/03/2020 10:24:30.859,313,200,Thread Group 1-9,3,3,313,0,0
1.5834E+12,05/03/2020 10:24:31.005,146,200,Thread Group 1-9,3,3,146,0,0
1.5834E+12,05/03/2020 10:24:31.141,135,200,Thread Group 1-9,3,3,135,0,0
1.5834E+12,05/03/2020 10:24:31.277,135,200,Thread Group 1-9,3,3,135,0,0
1.5834E+12,05/03/2020 10:24:31.373,95,200,Thread Group 1-9,3,3,95,0,0
1.5834E+12,05/03/2020 10:24:31.528,154,200,Thread Group 1-9,3,3,154,0,2
1.5834E+12,05/03/2020 10:24:31.623,94,200,Thread Group 1-9,3,3,94,0,0
1.5834E+12,05/03/2020 10:24:31.729,106,200,Thread Group 1-9,3,3,106,0,0
1.5834E+12,05/03/2020 10:24:31.766,21431,200,Thread Group 1-7,3,3,21431,0,2
1.5834E+12,05/03/2020 10:24:31.818,90,200,Thread Group 1-9,3,3,90,0,0
1.5834E+12,05/03/2020 10:24:31.911,143,200,Thread Group 1-7,3,3,143,0,4
1.5834E+12,05/03/2020 10:24:31.980,23369,200,Thread Group 1-8,3,3,23369,0,3
1.5834E+12,05/03/2020 10:24:32.003,92,200,Thread Group 1-7,3,3,92,0,0
1.5834E+12,05/03/2020 10:24:32.027,208,200,Thread Group 1-9,3,3,208,0,0
1.5834E+12,05/03/2020 10:24:32.093,89,200,Thread Group 1-7,3,3,89,0,0
1.5834E+12,05/03/2020 10:24:32.160,132,200,Thread Group 1-9,3,3,132,0,0
1.5834E+12,05/03/2020 10:24:32.199,217,200,Thread Group 1-8,3,3,217,0,35
1.5834E+12,05/03/2020 10:24:32.249,156,200,Thread Group 1-7,3,3,156,0,0
1.5834E+12,05/03/2020 10:24:32.298,137,200,Thread Group 1-9,3,3,137,0,0
1.5834E+12,05/03/2020 10:24:32.339,90,200,Thread Group 1-7,3,3,90,0,0
1.5834E+12,05/03/2020 10:24:32.386,88,200,Thread Group 1-9,3,3,87,0,0
1.5834E+12,05/03/2020 10:24:32.425,225,200,Thread Group 1-8,3,3,225,0,0
1.5834E+12,05/03/2020 10:24:32.436,97,200,Thread Group 1-7,3,3,97,0,0
1.5834E+12,05/03/2020 10:24:32.480,94,200,Thread Group 1-9,3,3,94,0,0
1.5834E+12,05/03/2020 10:24:32.533,97,200,Thread Group 1-7,3,3,97,0,0
1.5834E+12,05/03/2020 10:24:32.611,131,200,Thread Group 1-9,3,3,131,0,0
1.5834E+12,05/03/2020 10:24:32.632,99,200,Thread Group 1-7,3,3,99,0,0
1.5834E+12,05/03/2020 10:24:32.699,88,200,Thread Group 1-9,3,3,88,0,0
1.5834E+12,05/03/2020 10:24:32.766,134,200,Thread Group 1-7,3,3,134,0,0
1.5834E+12,05/03/2020 10:24:32.790,365,200,Thread Group 1-8,3,3,365,0,0
1.5834E+12,05/03/2020 10:24:32.837,138,200,Thread Group 1-9,3,3,138,0,0
1.5834E+12,05/03/2020 10:24:32.866,99,200,Thread Group 1-7,3,3,99,0,0
1.5834E+12,05/03/2020 10:24:32.880,90,200,Thread Group 1-8,3,3,90,0,0
1.5834E+12,05/03/2020 10:24:32.917,80,200,Thread Group 1-9,3,3,80,0,0
1.5834E+12,05/03/2020 10:24:32.963,97,200,Thread Group 1-7,3,3,97,0,0
1.5834E+12,05/03/2020 10:24:33.013,133,200,Thread Group 1-8,3,3,133,0,0
1.5834E+12,05/03/2020 10:24:33.015,97,200,Thread Group 1-9,3,3,97,0,0
1.5834E+12,05/03/2020 10:24:33.106,143,200,Thread Group 1-7,3,3,143,0,0
1.5834E+12,05/03/2020 10:24:33.126,113,200,Thread Group 1-8,3,3,112,0,0
1.5834E+12,05/03/2020 10:24:33.154,139,200,Thread Group 1-9,3,3,139,0,0
1.5834E+12,05/03/2020 10:24:33.204,78,200,Thread Group 1-8,3,3,78,0,0
1.5834E+12,05/03/2020 10:24:33.245,137,200,Thread Group 1-7,3,3,137,0,0
1.5834E+12,05/03/2020 10:24:33.261,107,200,Thread Group 1-9,3,3,107,0,0
1.5834E+12,05/03/2020 10:24:33.298,94,200,Thread Group 1-8,3,3,94,0,0
1.5834E+12,05/03/2020 10:24:33.386,140,200,Thread Group 1-7,3,3,140,0,0
1.5834E+12,05/03/2020 10:24:33.390,92,200,Thread Group 1-8,3,3,91,0,0
1.5834E+12,05/03/2020 10:24:33.441,180,200,Thread Group 1-9,3,3,180,0,0
1.5834E+12,05/03/2020 10:24:33.486,100,200,Thread Group 1-7,3,3,100,0,0
1.5834E+12,05/03/2020 10:24:33.604,214,200,Thread Group 1-8,3,3,214,0,0
1.5834E+12,05/03/2020 10:24:33.622,135,200,Thread Group 1-7,3,3,135,0,0
1.5834E+12,05/03/2020 10:24:33.648,207,200,Thread Group 1-9,3,3,207,0,3
1.5834E+12,05/03/2020 10:24:33.705,83,200,Thread Group 1-7,3,3,83,0,0
1.5834E+12,05/03/2020 10:24:33.708,104,200,Thread Group 1-8,3,3,104,0,0
1.5834E+12,05/03/2020 10:24:33.789,84,200,Thread Group 1-7,3,3,84,0,0
1.5834E+12,05/03/2020 10:24:33.804,96,200,Thread Group 1-8,3,3,96,0,0
1.5834E+12,05/03/2020 10:24:33.850,202,200,Thread Group 1-9,3,3,202,0,0
1.5834E+12,05/03/2020 10:24:33.941,91,200,Thread Group 1-9,3,3,91,0,0
1.5834E+12,05/03/2020 10:24:33.949,145,200,Thread Group 1-8,3,3,145,0,0
1.5834E+12,05/03/2020 10:24:34.020,231,200,Thread Group 1-7,3,3,231,0,2
1.5834E+12,05/03/2020 10:24:34.048,107,200,Thread Group 1-9,3,3,107,0,0
1.5834E+12,05/03/2020 10:24:34.135,87,200,Thread Group 1-9,3,3,87,0,0
1.5834E+12,05/03/2020 10:24:34.162,142,200,Thread Group 1-7,3,3,142,0,0
1.5834E+12,05/03/2020 10:24:34.190,241,200,Thread Group 1-8,3,3,241,0,0
1.5834E+12,05/03/2020 10:24:34.227,92,200,Thread Group 1-9,3,3,92,0,0
1.5834E+12,05/03/2020 10:24:34.249,87,200,Thread Group 1-7,3,3,87,0,0
1.5834E+12,05/03/2020 10:24:34.362,135,200,Thread Group 1-9,3,3,135,0,0
1.5834E+12,05/03/2020 10:24:34.389,139,200,Thread Group 1-7,3,3,139,0,0
1.5834E+12,05/03/2020 10:24:34.396,205,200,Thread Group 1-8,3,3,205,0,4
1.5834E+12,05/03/2020 10:24:34.460,98,200,Thread Group 1-9,3,3,98,0,0
1.5834E+12,05/03/2020 10:24:34.470,81,200,Thread Group 1-7,3,3,81,0,0
1.5834E+12,05/03/2020 10:24:34.483,87,200,Thread Group 1-8,3,3,87,0,0
1.5834E+12,05/03/2020 10:24:35.129,669,200,Thread Group 1-9,3,3,668,0,0
1.5834E+12,05/03/2020 10:24:35.146,663,200,Thread Group 1-8,3,3,663,0,0
1.5834E+12,05/03/2020 10:24:35.198,728,200,Thread Group 1-7,3,3,728,0,0
1.5834E+12,05/03/2020 10:24:37.930,2732,200,Thread Group 1-7,3,3,2732,0,0
1.5834E+12,05/03/2020 10:24:37.932,2786,200,Thread Group 1-8,3,3,2785,0,0
1.5834E+12,05/03/2020 10:24:40.278,5149,200,Thread Group 1-9,3,3,5149,0,0
1.5834E+12,05/03/2020 10:24:40.514,235,200,Thread Group 1-9,3,3,235,0,3
1.5834E+12,05/03/2020 10:24:40.531,2598,200,Thread Group 1-8,3,3,2598,0,2
1.5834E+12,05/03/2020 10:24:40.549,2618,200,Thread Group 1-7,3,3,2618,0,4
1.5834E+12,05/03/2020 10:24:40.644,130,200,Thread Group 1-9,3,3,130,0,0
1.5834E+12,05/03/2020 10:24:40.689,158,200,Thread Group 1-8,3,3,158,0,3
1.5834E+12,05/03/2020 10:24:40.715,71,200,Thread Group 1-9,3,3,71,0,0
1.5834E+12,05/03/2020 10:24:40.767,217,200,Thread Group 1-7,3,3,217,0,2
1.5834E+12,05/03/2020 10:24:40.783,94,200,Thread Group 1-8,3,3,94,0,0
1.5834E+12,05/03/2020 10:24:40.806,91,200,Thread Group 1-9,3,3,91,0,0
1.5834E+12,05/03/2020 10:24:40.877,93,200,Thread Group 1-8,3,3,93,0,0
1.5834E+12,05/03/2020 10:24:40.878,110,200,Thread Group 1-7,3,3,110,0,0
1.5834E+12,05/03/2020 10:24:40.900,93,200,Thread Group 1-9,3,3,93,0,0
1.5834E+12,05/03/2020 10:24:40.964,87,200,Thread Group 1-8,2,2,87,0,0
1.5834E+12,05/03/2020 10:24:40.980,102,200,Thread Group 1-7,2,2,102,0,0
1.5834E+12,05/03/2020 10:24:41.106,142,200,Thread Group 1-8,2,2,142,0,0
1.5834E+12,05/03/2020 10:24:41.264,158,200,Thread Group 1-8,2,2,158,0,0
1.5834E+12,05/03/2020 10:24:41.404,140,200,Thread Group 1-8,2,2,140,0,0
1.5834E+12,05/03/2020 10:24:41.500,95,200,Thread Group 1-8,2,2,95,0,0
1.5834E+12,05/03/2020 10:24:41.612,112,200,Thread Group 1-8,2,2,112,0,0
1.5834E+12,05/03/2020 10:24:41.721,109,200,Thread Group 1-8,2,2,109,0,0
1.5834E+12,05/03/2020 10:24:41.816,94,200,Thread Group 1-8,2,2,94,0,0
1.5834E+12,05/03/2020 10:24:41.951,135,200,Thread Group 1-8,2,2,135,0,0
1.5834E+12,05/03/2020 10:24:42.095,144,200,Thread Group 1-8,2,2,144,0,0
1.5834E+12,05/03/2020 10:24:42.194,99,200,Thread Group 1-8,2,2,99,0,0
1.5834E+12,05/03/2020 10:24:43.066,872,200,Thread Group 1-8,2,2,872,0,0
1.5834E+12,05/03/2020 10:24:43.088,2108,200,Thread Group 1-7,2,2,2108,0,0
1.5834E+12,05/03/2020 10:24:43.256,167,200,Thread Group 1-7,2,2,167,0,4
1.5834E+12,05/03/2020 10:24:43.269,203,200,Thread Group 1-8,2,2,203,0,2
1.5834E+12,05/03/2020 10:24:43.355,86,200,Thread Group 1-8,2,2,86,0,0
1.5834E+12,05/03/2020 10:24:43.358,102,200,Thread Group 1-7,2,2,102,0,0
1.5834E+12,05/03/2020 10:24:43.450,92,200,Thread Group 1-7,2,2,92,0,0
1.5834E+12,05/03/2020 10:24:43.488,133,200,Thread Group 1-8,2,2,133,0,0
1.5834E+12,05/03/2020 10:24:43.548,98,200,Thread Group 1-7,2,2,98,0,0
1.5834E+12,05/03/2020 10:24:43.578,89,200,Thread Group 1-8,2,2,89,0,0
1.5834E+12,05/03/2020 10:24:43.638,90,200,Thread Group 1-7,2,2,90,0,0
1.5834E+12,05/03/2020 10:24:43.646,68,200,Thread Group 1-8,2,2,68,0,0
1.5834E+12,05/03/2020 10:24:43.728,90,200,Thread Group 1-7,2,2,90,0,0
1.5834E+12,05/03/2020 10:24:43.757,111,200,Thread Group 1-8,2,2,111,0,0
1.5834E+12,05/03/2020 10:24:43.817,89,200,Thread Group 1-7,2,2,89,0,0
1.5834E+12,05/03/2020 10:24:43.845,88,200,Thread Group 1-8,2,2,88,0,0
1.5834E+12,05/03/2020 10:24:43.909,92,200,Thread Group 1-7,2,2,92,0,0
1.5834E+12,05/03/2020 10:24:43.958,113,200,Thread Group 1-8,2,2,113,0,0
1.5834E+12,05/03/2020 10:24:44.020,111,200,Thread Group 1-7,2,2,111,0,0
1.5834E+12,05/03/2020 10:24:44.051,93,200,Thread Group 1-8,2,2,93,0,0
1.5834E+12,05/03/2020 10:24:44.105,85,200,Thread Group 1-7,2,2,85,0,0
1.5834E+12,05/03/2020 10:24:44.160,109,200,Thread Group 1-8,2,2,109,0,0
1.5834E+12,05/03/2020 10:24:44.215,109,200,Thread Group 1-7,2,2,109,0,0
1.5834E+12,05/03/2020 10:24:44.266,106,200,Thread Group 1-8,2,2,106,0,0
1.5834E+12,05/03/2020 10:24:44.304,89,200,Thread Group 1-7,2,2,89,0,0
1.5834E+12,05/03/2020 10:24:44.360,94,200,Thread Group 1-8,2,2,94,0,0
1.5834E+12,05/03/2020 10:24:44.397,93,200,Thread Group 1-7,2,2,93,0,0
1.5834E+12,05/03/2020 10:24:44.456,96,200,Thread Group 1-8,2,2,96,0,0
1.5834E+12,05/03/2020 10:24:44.492,95,200,Thread Group 1-7,2,2,95,0,0
1.5834E+12,05/03/2020 10:24:44.548,92,200,Thread Group 1-8,2,2,92,0,0
1.5834E+12,05/03/2020 10:24:44.598,100,200,Thread Group 1-7,2,2,100,0,0
1.5834E+12,05/03/2020 10:24:44.638,90,200,Thread Group 1-8,2,2,90,0,0
1.5834E+12,05/03/2020 10:24:44.704,105,200,Thread Group 1-7,2,2,105,0,0
1.5834E+12,05/03/2020 10:24:44.731,93,200,Thread Group 1-8,2,2,93,0,0
1.5834E+12,05/03/2020 10:24:44.897,166,200,Thread Group 1-8,2,2,166,0,0
1.5834E+12,05/03/2020 10:24:44.908,204,200,Thread Group 1-7,2,2,204,0,0
1.5834E+12,05/03/2020 10:24:45.030,133,200,Thread Group 1-8,2,2,133,0,0
1.5834E+12,05/03/2020 10:24:45.087,179,200,Thread Group 1-7,2,2,179,0,0
1.5834E+12,05/03/2020 10:24:45.114,84,200,Thread Group 1-8,2,2,84,0,0
1.5834E+12,05/03/2020 10:24:45.157,70,200,Thread Group 1-7,2,2,70,0,0
1.5834E+12,05/03/2020 10:24:45.265,150,200,Thread Group 1-8,2,2,150,0,3
1.5834E+12,05/03/2020 10:24:45.342,185,200,Thread Group 1-7,2,2,185,0,2
1.5834E+12,05/03/2020 10:24:45.345,80,200,Thread Group 1-8,2,2,80,0,0
1.5834E+12,05/03/2020 10:24:45.446,101,200,Thread Group 1-8,2,2,101,0,0
1.5834E+12,05/03/2020 10:24:45.492,150,200,Thread Group 1-7,2,2,150,0,0
1.5834E+12,05/03/2020 10:24:45.548,102,200,Thread Group 1-8,2,2,102,0,0
1.5834E+12,05/03/2020 10:24:45.767,274,200,Thread Group 1-7,2,2,274,0,0
1.5834E+12,05/03/2020 10:24:45.791,243,200,Thread Group 1-8,2,2,243,0,0
1.5834E+12,05/03/2020 10:24:45.878,110,200,Thread Group 1-7,2,2,110,0,0
1.5834E+12,05/03/2020 10:24:45.886,95,200,Thread Group 1-8,2,2,95,0,0
1.5834E+12,05/03/2020 10:24:46.023,145,200,Thread Group 1-7,2,2,145,0,0
1.5834E+12,05/03/2020 10:24:46.084,198,200,Thread Group 1-8,2,2,198,0,0
1.5834E+12,05/03/2020 10:24:46.116,93,200,Thread Group 1-7,2,2,93,0,0
1.5834E+12,05/03/2020 10:24:46.222,137,200,Thread Group 1-8,2,2,137,0,0
1.5834E+12,05/03/2020 10:24:46.250,134,200,Thread Group 1-7,2,2,134,0,0
1.5834E+12,05/03/2020 10:24:46.392,142,200,Thread Group 1-7,2,2,142,0,0
1.5834E+12,05/03/2020 10:24:46.426,203,200,Thread Group 1-8,2,2,203,0,0
1.5834E+12,05/03/2020 10:24:46.676,250,200,Thread Group 1-8,2,2,250,0,0
1.5834E+12,05/03/2020 10:24:46.687,295,200,Thread Group 1-7,2,2,295,0,0
1.5834E+12,05/03/2020 10:24:47.218,542,200,Thread Group 1-8,2,2,542,0,0
1.5834E+12,05/03/2020 10:24:47.333,646,200,Thread Group 1-7,2,2,646,0,0
1.5834E+12,05/03/2020 10:24:47.433,215,200,Thread Group 1-8,2,2,215,0,1
1.5834E+12,05/03/2020 10:24:47.522,89,200,Thread Group 1-8,2,2,89,0,0
1.5834E+12,05/03/2020 10:24:47.799,277,200,Thread Group 1-8,2,2,277,0,0
1.5834E+12,05/03/2020 10:24:48.152,819,200,Thread Group 1-7,2,2,819,0,4
1.5834E+12,05/03/2020 10:24:48.383,231,200,Thread Group 1-7,2,2,231,0,0
1.5834E+12,05/03/2020 10:24:48.670,871,200,Thread Group 1-8,2,2,871,0,0
1.5834E+12,05/03/2020 10:24:48.676,293,200,Thread Group 1-7,2,2,293,0,0
1.5834E+12,05/03/2020 10:24:48.973,303,200,Thread Group 1-8,2,2,303,0,0
1.5834E+12,05/03/2020 10:24:48.995,319,200,Thread Group 1-7,2,2,319,0,0
1.5834E+12,05/03/2020 10:24:49.124,128,200,Thread Group 1-7,2,2,128,0,0
1.5834E+12,05/03/2020 10:24:49.164,191,200,Thread Group 1-8,2,2,191,0,0
1.5834E+12,05/03/2020 10:24:49.215,91,200,Thread Group 1-7,2,2,91,0,0
1.5834E+12,05/03/2020 10:24:49.318,153,200,Thread Group 1-8,2,2,153,0,0
1.5834E+12,05/03/2020 10:24:49.355,140,200,Thread Group 1-7,2,2,140,0,0
1.5834E+12,05/03/2020 10:24:49.508,153,200,Thread Group 1-7,2,2,153,0,2
1.5834E+12,05/03/2020 10:24:49.639,131,200,Thread Group 1-7,2,2,131,0,0
1.5834E+12,05/03/2020 10:24:49.728,410,200,Thread Group 1-8,2,2,410,0,3
1.5834E+12,05/03/2020 10:24:49.834,195,200,Thread Group 1-7,2,2,195,0,0
1.5834E+12,05/03/2020 10:24:49.931,203,200,Thread Group 1-8,2,2,203,0,0
1.5834E+12,05/03/2020 10:24:50.043,209,200,Thread Group 1-7,2,2,209,0,0
1.5834E+12,05/03/2020 10:24:50.088,157,200,Thread Group 1-8,2,2,157,0,0
1.5834E+12,05/03/2020 10:24:50.179,136,200,Thread Group 1-7,2,2,136,0,0
1.5834E+12,05/03/2020 10:24:50.323,144,200,Thread Group 1-7,2,2,144,0,0
1.5834E+12,05/03/2020 10:24:50.325,237,200,Thread Group 1-8,2,2,237,0,0
1.5834E+12,05/03/2020 10:24:50.473,150,200,Thread Group 1-7,2,2,150,0,0
1.5834E+12,05/03/2020 10:24:50.526,200,200,Thread Group 1-8,2,2,200,0,0
1.5834E+12,05/03/2020 10:24:50.621,148,200,Thread Group 1-7,2,2,148,0,0
1.5834E+12,05/03/2020 10:24:50.667,141,200,Thread Group 1-8,2,2,141,0,0
1.5834E+12,05/03/2020 10:24:50.738,117,200,Thread Group 1-7,2,2,116,0,0
1.5834E+12,05/03/2020 10:24:50.769,102,200,Thread Group 1-8,2,2,102,0,0
1.5834E+12,05/03/2020 10:24:50.833,95,200,Thread Group 1-7,2,2,95,0,0
1.5834E+12,05/03/2020 10:24:50.907,138,200,Thread Group 1-8,2,2,138,0,0
1.5834E+12,05/03/2020 10:24:51.013,180,200,Thread Group 1-7,2,2,180,0,0
1.5834E+12,05/03/2020 10:24:51.040,133,200,Thread Group 1-8,2,2,133,0,0
1.5834E+12,05/03/2020 10:24:51.120,107,200,Thread Group 1-7,2,2,107,0,0
1.5834E+12,05/03/2020 10:24:51.173,133,200,Thread Group 1-8,2,2,133,0,0
1.5834E+12,05/03/2020 10:24:51.302,128,200,Thread Group 1-8,2,2,128,0,0
1.5834E+12,05/03/2020 10:24:51.335,215,200,Thread Group 1-7,2,2,215,0,0
1.5834E+12,05/03/2020 10:24:51.437,135,200,Thread Group 1-8,2,2,135,0,0
1.5834E+12,05/03/2020 10:24:51.493,158,200,Thread Group 1-7,2,2,158,0,0
1.5834E+12,05/03/2020 10:24:51.582,145,200,Thread Group 1-8,2,2,145,0,3
1.5834E+12,05/03/2020 10:24:51.664,171,200,Thread Group 1-7,2,2,171,0,1
1.5834E+12,05/03/2020 10:24:51.713,131,200,Thread Group 1-8,2,2,131,0,0
1.5834E+12,05/03/2020 10:24:51.777,113,200,Thread Group 1-7,2,2,113,0,0
1.5834E+12,05/03/2020 10:24:51.806,93,200,Thread Group 1-8,2,2,93,0,0
1.5834E+12,05/03/2020 10:24:51.888,82,200,Thread Group 1-8,2,2,82,0,0
1.5834E+12,05/03/2020 10:24:51.905,128,200,Thread Group 1-7,2,2,128,0,0
1.5834E+12,05/03/2020 10:24:52.076,171,200,Thread Group 1-7,2,2,171,0,0
1.5834E+12,05/03/2020 10:24:52.201,312,200,Thread Group 1-8,2,2,312,0,0
1.5834E+12,05/03/2020 10:24:52.283,207,200,Thread Group 1-7,2,2,207,0,0
1.5834E+12,05/03/2020 10:24:52.287,86,200,Thread Group 1-8,2,2,86,0,0
1.5834E+12,05/03/2020 10:24:52.376,93,200,Thread Group 1-7,2,2,93,0,0
1.5834E+12,05/03/2020 10:24:52.437,149,200,Thread Group 1-8,2,2,149,0,0
1.5834E+12,05/03/2020 10:24:52.461,85,200,Thread Group 1-7,2,2,85,0,0
1.5834E+12,05/03/2020 10:24:52.542,104,200,Thread Group 1-8,2,2,104,0,0
1.5834E+12,05/03/2020 10:24:52.594,133,200,Thread Group 1-7,2,2,133,0,0
1.5834E+12,05/03/2020 10:24:52.638,96,200,Thread Group 1-8,2,2,96,0,0
1.5834E+12,05/03/2020 10:24:52.692,97,200,Thread Group 1-7,2,2,97,0,0
1.5834E+12,05/03/2020 10:24:52.766,128,200,Thread Group 1-8,2,2,128,0,0
1.5834E+12,05/03/2020 10:24:52.790,98,200,Thread Group 1-7,2,2,98,0,0
1.5834E+12,05/03/2020 10:24:52.862,96,200,Thread Group 1-8,2,2,96,0,0
1.5834E+12,05/03/2020 10:24:52.959,169,200,Thread Group 1-7,2,2,169,0,0
1.5834E+12,05/03/2020 10:24:52.990,128,200,Thread Group 1-8,2,2,128,0,0
1.5834E+12,05/03/2020 10:24:53.049,90,200,Thread Group 1-7,2,2,90,0,0
1.5834E+12,05/03/2020 10:24:53.125,135,200,Thread Group 1-8,2,2,135,0,0
1.5834E+12,05/03/2020 10:24:53.160,111,200,Thread Group 1-7,2,2,111,0,0
1.5834E+12,05/03/2020 10:24:53.222,97,200,Thread Group 1-8,2,2,97,0,0
1.5834E+12,05/03/2020 10:24:53.251,91,200,Thread Group 1-7,2,2,91,0,0
1.5834E+12,05/03/2020 10:24:53.376,154,200,Thread Group 1-8,2,2,154,0,0
1.5834E+12,05/03/2020 10:24:53.424,173,200,Thread Group 1-7,2,2,173,0,0
1.5834E+12,05/03/2020 10:24:53.469,93,200,Thread Group 1-8,2,2,93,0,0
1.5834E+12,05/03/2020 10:24:53.563,139,200,Thread Group 1-7,1,1,139,0,0
1.5834E+12,05/03/2020 10:24:53.719,155,200,Thread Group 1-7,1,1,155,0,1
1.5834E+12,05/03/2020 10:24:53.819,100,200,Thread Group 1-7,1,1,100,0,0
